WARNING:pytest_ansible.plugin:Unable to find git root, molecule scenarios detection will be skipped.
Using packet manipulation module: ptf.packet_scapy
============================= test session starts ==============================
platform linux -- Python 3.12.3, pytest-9.0.3, pluggy-1.6.0 -- /opt/venv/bin/python3
cachedir: .pytest_cache
metadata: {'Python': '3.12.3', 'Platform': 'Linux-6.17.0-22-generic-x86_64-with-glibc2.39', 'Packages': {'pytest': '9.0.3', 'pluggy': '1.6.0'}, 'Plugins': {'ansible': '26.4.0', 'xdist': '3.8.0', 'metadata': '3.1.1', 'cov': '7.1.0', 'stress': '1.0.1', 'repeat': '0.9.4', 'html': '4.2.0', 'allure-pytest': '2.16.0'}}
ansible: 2.18.16
rootdir: /var/src/SonicMmt
configfile: pyproject.toml
plugins: ansible-26.4.0, xdist-3.8.0, metadata-3.1.1, cov-7.1.0, stress-1.0.1, repeat-0.9.4, html-4.2.0, allure-pytest-2.16.0
collecting ... collected 1 item

tests/vlan/test_vlan.py::test_vlan_tc3_send_invalid_vid Skipping callback 'yaml', as we already have a stdout callback.
Skipping callback 'default', as we already have a stdout callback.
Skipping callback 'minimal', as we already have a stdout callback.
Skipping callback 'oneline', as we already have a stdout callback.
Skipping callback 'yaml', as we already have a stdout callback.
Skipping callback 'default', as we already have a stdout callback.
Skipping callback 'minimal', as we already have a stdout callback.
Skipping callback 'oneline', as we already have a stdout callback.
Skipping callback 'yaml', as we already have a stdout callback.
Skipping callback 'default', as we already have a stdout callback.
Skipping callback 'minimal', as we already have a stdout callback.
Skipping callback 'oneline', as we already have a stdout callback.
Skipping callback 'yaml', as we already have a stdout callback.
Skipping callback 'default', as we already have a stdout callback.
Skipping callback 'minimal', as we already have a stdout callback.
Skipping callback 'oneline', as we already have a stdout callback.
Skipping callback 'yaml', as we already have a stdout callback.
Skipping callback 'default', as we already have a stdout callback.
Skipping callback 'minimal', as we already have a stdout callback.
Skipping callback 'oneline', as we already have a stdout callback.
Skipping callback 'yaml', as we already have a stdout callback.
Skipping callback 'default', as we already have a stdout callback.
Skipping callback 'minimal', as we already have a stdout callback.
Skipping callback 'oneline', as we already have a stdout callback.
Skipping callback 'yaml', as we already have a stdout callback.
Skipping callback 'default', as we already have a stdout callback.
Skipping callback 'minimal', as we already have a stdout callback.
Skipping callback 'oneline', as we already have a stdout callback.
Skipping callback 'yaml', as we already have a stdout callback.
Skipping callback 'default', as we already have a stdout callback.
Skipping callback 'minimal', as we already have a stdout callback.
Skipping callback 'oneline', as we already have a stdout callback.
Skipping callback 'yaml', as we already have a stdout callback.
Skipping callback 'default', as we already have a stdout callback.
Skipping callback 'minimal', as we already have a stdout callback.
Skipping callback 'oneline', as we already have a stdout callback.
Skipping callback 'yaml', as we already have a stdout callback.
Skipping callback 'default', as we already have a stdout callback.
Skipping callback 'minimal', as we already have a stdout callback.
Skipping callback 'oneline', as we already have a stdout callback.
Skipping callback 'yaml', as we already have a stdout callback.
Skipping callback 'default', as we already have a stdout callback.
Skipping callback 'minimal', as we already have a stdout callback.
Skipping callback 'oneline', as we already have a stdout callback.
Skipping callback 'yaml', as we already have a stdout callback.
Skipping callback 'default', as we already have a stdout callback.
Skipping callback 'minimal', as we already have a stdout callback.
Skipping callback 'oneline', as we already have a stdout callback.
Skipping callback 'yaml', as we already have a stdout callback.
Skipping callback 'default', as we already have a stdout callback.
Skipping callback 'minimal', as we already have a stdout callback.
Skipping callback 'oneline', as we already have a stdout callback.
Skipping callback 'yaml', as we already have a stdout callback.
Skipping callback 'default', as we already have a stdout callback.
Skipping callback 'minimal', as we already have a stdout callback.
Skipping callback 'oneline', as we already have a stdout callback.
Skipping callback 'yaml', as we already have a stdout callback.
Skipping callback 'default', as we already have a stdout callback.
Skipping callback 'minimal', as we already have a stdout callback.
Skipping callback 'oneline', as we already have a stdout callback.
ERRORSkipping callback 'yaml', as we already have a stdout callback.
Skipping callback 'default', as we already have a stdout callback.
Skipping callback 'minimal', as we already have a stdout callback.
Skipping callback 'oneline', as we already have a stdout callback.
Skipping callback 'yaml', as we already have a stdout callback.
Skipping callback 'default', as we already have a stdout callback.
Skipping callback 'minimal', as we already have a stdout callback.
Skipping callback 'oneline', as we already have a stdout callback.
Skipping callback 'yaml', as we already have a stdout callback.
Skipping callback 'default', as we already have a stdout callback.
Skipping callback 'minimal', as we already have a stdout callback.
Skipping callback 'oneline', as we already have a stdout callback.
Skipping callback 'yaml', as we already have a stdout callback.
Skipping callback 'default', as we already have a stdout callback.
Skipping callback 'minimal', as we already have a stdout callback.
Skipping callback 'oneline', as we already have a stdout callback.
Skipping callback 'yaml', as we already have a stdout callback.
Skipping callback 'default', as we already have a stdout callback.
Skipping callback 'minimal', as we already have a stdout callback.
Skipping callback 'oneline', as we already have a stdout callback.
WARNING:tests.conftest:Core dump or config check failed for test_vlan.py, results: {"core_dump_check": {"failed": false, "new_core_dumps": {"sm100-109": []}}, "config_db_check": {"failed": true, "pre_only_config": {"sm100-109": {"null": {"PORTCHANNEL": {"PortChannel1": {"admin_status": "up", "fallback": "true", "fast_rate": "false", "hash_method": "0", "lacp_key": "auto", "min_links": "1", "mtu": "9100", "tpid": "0x8100"}}, "FDB": {"Vlan400|00:40:2a:3a:a2:3c": {"port": "Ethernet0", "type": "static"}}, "PORTCHANNEL_MEMBER": {"PortChannel1|Ethernet1": {}, "PortChannel1|Ethernet2": {}}}}}, "cur_only_config": {"sm100-109": {"null": {}}}, "inconsistent_config": {"sm100-109": {"null": {"DEVICE_METADATA": {"pre_value": {"localhost": {"buffer_model": "traditional", "default_bgp_status": "up", "default_pfcwd_status": "disable", "device_id": "50", "docker_routing_config_mode": "split-unified", "frr_mgmt_framework_config": "false", "hostname": "sonic", "hwsku": "Canoga-SM100", "intf_naming_mode": "default", "mac": "00:40:2A:3A:A2:1C", "number_of_macs": "4", "platform": "x86_64-canoga_sm100_sa5-r0", "priority_scheduler": "false", "suppress-fib-pending": "disabled", "synchronous_mode": "enable", "timezone": "UTC", "yang_config_validation": "disable"}}, "cur_value": {"localhost": {"buffer_model": "traditional", "default_bgp_status": "up", "default_pfcwd_status": "disable", "docker_routing_config_mode": "split-unified", "hostname": "sonic", "hwsku": "Canoga-SM100", "intf_naming_mode": "default", "mac": "00:40:2A:3A:A2:1C", "number_of_macs": "4", "platform": "x86_64-canoga_sm100_sa5-r0", "timezone": "UTC"}}}, "PORT": {"pre_value": {"Ethernet0": {"admin_status": "up", "alias": "Eth1/1", "fec": "none", "index": "1", "lanes": "0", "mtu": "9100", "speed": "25000"}, "Ethernet1": {"admin_status": "up", "alias": "Eth1/2", "fec": "none", "index": "2", "lanes": "1", "mtu": "9100", "speed": "25000"}, "Ethernet10": {"admin_status": "up", "alias": "Eth1/11", "fec": "none", "index": "11", "lanes": "10", "mtu": "9100", "speed": "25000"}, "Ethernet11": {"admin_status": "up", "alias": "Eth1/12", "fec": "none", "index": "12", "lanes": "11", "mtu": "9100", "speed": "25000"}, "Ethernet12": {"admin_status": "up", "alias": "Eth1/13", "fec": "none", "index": "13", "lanes": "12", "mtu": "9100", "speed": "25000"}, "Ethernet13": {"admin_status": "up", "alias": "Eth1/14", "fec": "none", "index": "14", "lanes": "13", "mtu": "9100", "speed": "25000"}, "Ethernet14": {"admin_status": "up", "alias": "Eth1/15", "fec": "none", "index": "15", "lanes": "14", "mtu": "9100", "speed": "25000"}, "Ethernet15": {"admin_status": "up", "alias": "Eth1/16", "fec": "none", "index": "16", "lanes": "15", "mtu": "9100", "speed": "25000"}, "Ethernet2": {"admin_status": "up", "alias": "Eth1/3", "fec": "none", "index": "3", "lanes": "2", "mtu": "9100", "speed": "25000"}, "Ethernet3": {"admin_status": "up", "alias": "Eth1/4", "fec": "none", "index": "4", "lanes": "3", "mtu": "9100", "speed": "25000"}, "Ethernet4": {"admin_status": "up", "alias": "Eth1/5", "fec": "none", "index": "5", "lanes": "4", "mtu": "9100", "speed": "25000"}, "Ethernet5": {"admin_status": "up", "alias": "Eth1/6", "fec": "none", "index": "6", "lanes": "5", "mtu": "9100", "speed": "25000"}, "Ethernet6": {"admin_status": "up", "alias": "Eth1/7", "fec": "none", "index": "7", "lanes": "6", "mtu": "9100", "speed": "25000"}, "Ethernet7": {"admin_status": "up", "alias": "Eth1/8", "fec": "none", "index": "8", "lanes": "7", "mtu": "9100", "speed": "25000"}, "Ethernet8": {"admin_status": "up", "alias": "Eth1/9", "fec": "none", "index": "9", "lanes": "8", "mtu": "9100", "speed": "25000"}, "Ethernet9": {"admin_status": "up", "alias": "Eth1/10", "fec": "none", "index": "10", "lanes": "9", "mtu": "9100", "speed": "25000"}}, "cur_value": {"Ethernet0": {"admin_status": "up", "alias": "Eth1/1", "fec": "none", "index": "1", "lanes": "0", "mtu": "9100", "speed": "25000"}, "Ethernet1": {"admin_status": "up", "alias": "Eth1/2", "fec": "none", "index": "2", "lanes": "1", "mtu": "9100", "speed": "25000"}, "Ethernet10": {"admin_status": "up", "alias": "Eth1/11", "fec": "none", "index": "11", "lanes": "10", "mtu": "9100", "speed": "10000"}, "Ethernet11": {"admin_status": "up", "alias": "Eth1/12", "fec": "none", "index": "12", "lanes": "11", "mtu": "9100", "speed": "10000"}, "Ethernet12": {"admin_status": "up", "alias": "Eth1/13", "fec": "none", "index": "13", "lanes": "12", "mtu": "9100", "speed": "25000"}, "Ethernet13": {"admin_status": "up", "alias": "Eth1/14", "fec": "none", "index": "14", "lanes": "13", "mtu": "9100", "speed": "25000"}, "Ethernet14": {"admin_status": "up", "alias": "Eth1/15", "fec": "none", "index": "15", "lanes": "14", "mtu": "9100", "speed": "25000"}, "Ethernet15": {"admin_status": "up", "alias": "Eth1/16", "fec": "none", "index": "16", "lanes": "15", "mtu": "9100", "speed": "25000"}, "Ethernet2": {"admin_status": "up", "alias": "Eth1/3", "fec": "none", "index": "3", "lanes": "2", "mtu": "9100", "speed": "25000"}, "Ethernet3": {"admin_status": "up", "alias": "Eth1/4", "fec": "none", "index": "4", "lanes": "3", "mtu": "9100", "speed": "25000"}, "Ethernet4": {"admin_status": "up", "alias": "Eth1/5", "fec": "none", "index": "5", "lanes": "4", "mtu": "9100", "speed": "25000"}, "Ethernet5": {"admin_status": "up", "alias": "Eth1/6", "fec": "none", "index": "6", "lanes": "5", "mtu": "9100", "speed": "25000"}, "Ethernet6": {"admin_status": "up", "alias": "Eth1/7", "fec": "none", "index": "7", "lanes": "6", "mtu": "9100", "speed": "25000"}, "Ethernet7": {"admin_status": "up", "alias": "Eth1/8", "fec": "none", "index": "8", "lanes": "7", "mtu": "9100", "speed": "25000"}, "Ethernet8": {"admin_status": "up", "alias": "Eth1/9", "fec": "none", "index": "9", "lanes": "8", "mtu": "9100", "speed": "25000"}, "Ethernet9": {"admin_status": "up", "alias": "Eth1/10", "fec": "none", "index": "10", "lanes": "9", "mtu": "9100", "speed": "10000"}}}, "FEATURE": {"pre_value": {"bgp": {"auto_restart": "enabled", "check_up_status": "false", "delayed": "False", "has_global_scope": "False", "has_per_asic_scope": "True", "high_mem_alert": "disabled", "state": "enabled", "support_syslog_rate_limit": "true"}, "cp-app": {"auto_restart": "enabled", "delayed": "False", "has_global_scope": "True", "has_per_asic_scope": "False", "high_mem_alert": "disabled", "state": "enabled", "support_syslog_rate_limit": "true"}, "cp-tds": {"auto_restart": "enabled", "delayed": "False", "has_global_scope": "True", "has_per_asic_scope": "False", "high_mem_alert": "disabled", "state": "enabled", "support_syslog_rate_limit": "true"}, "cp-web-server": {"auto_restart": "enabled", "delayed": "True", "has_global_scope": "True", "has_per_asic_scope": "False", "high_mem_alert": "disabled", "state": "enabled", "support_syslog_rate_limit": "true"}, "database": {"auto_restart": "always_enabled", "delayed": "False", "has_global_scope": "True", "has_per_asic_scope": "True", "high_mem_alert": "disabled", "state": "always_enabled", "support_syslog_rate_limit": "true"}, "dhcp_relay": {"auto_restart": "enabled", "check_up_status": "False", "delayed": "False", "has_global_scope": "True", "has_per_asic_scope": "False", "high_mem_alert": "disabled", "set_owner": "local", "state": "disabled", "support_syslog_rate_limit": "True"}, "dhcp_server": {"auto_restart": "enabled", "check_up_status": "False", "delayed": "False", "has_global_scope": "True", "has_per_asic_scope": "False", "high_mem_alert": "disabled", "set_owner": "local", "state": "disabled", "support_syslog_rate_limit": "False"}, "eventd": {"auto_restart": "enabled", "delayed": "False", "has_global_scope": "True", "has_per_asic_scope": "False", "high_mem_alert": "disabled", "state": "enabled", "support_syslog_rate_limit": "true"}, "lldp": {"auto_restart": "enabled", "delayed": "True", "has_global_scope": "False", "has_per_asic_scope": "True", "high_mem_alert": "disabled", "state": "enabled", "support_syslog_rate_limit": "true"}, "mgmt-framework": {"auto_restart": "enabled", "delayed": "True", "has_global_scope": "True", "has_per_asic_scope": "False", "high_mem_alert": "disabled", "state": "enabled", "support_syslog_rate_limit": "true"}, "netconf": {"auto_restart": "enabled", "delayed": "False", "has_global_scope": "True", "has_per_asic_scope": "False", "high_mem_alert": "disabled", "state": "enabled", "support_syslog_rate_limit": "true"}, "ntp": {"auto_restart": "enabled", "delayed": "False", "has_global_scope": "False", "has_per_asic_scope": "False", "high_mem_alert": "disabled", "state": "disabled", "support_syslog_rate_limit": "true"}, "pmon": {"auto_restart": "enabled", "check_up_status": "false", "delayed": "False", "has_global_scope": "True", "has_per_asic_scope": "False", "high_mem_alert": "disabled", "state": "enabled", "support_syslog_rate_limit": "true"}, "stp": {"auto_restart": "enabled", "delayed": "False", "has_global_scope": "False", "has_per_asic_scope": "True", "high_mem_alert": "disabled", "state": "enabled", "support_syslog_rate_limit": "true"}, "swss": {"auto_restart": "enabled", "check_up_status": "false", "delayed": "False", "has_global_scope": "False", "has_per_asic_scope": "True", "high_mem_alert": "disabled", "state": "enabled", "support_syslog_rate_limit": "true"}, "syncd": {"auto_restart": "enabled", "delayed": "False", "has_global_scope": "False", "has_per_asic_scope": "True", "high_mem_alert": "disabled", "state": "enabled", "support_syslog_rate_limit": "true"}, "teamd": {"auto_restart": "enabled", "delayed": "False", "has_global_scope": "False", "has_per_asic_scope": "True", "high_mem_alert": "disabled", "state": "enabled", "support_syslog_rate_limit": "true"}}, "cur_value": {"bgp": {"auto_restart": "enabled", "check_up_status": "false", "delayed": "False", "has_global_scope": "False", "has_per_asic_scope": "True", "high_mem_alert": "disabled", "state": "enabled", "support_syslog_rate_limit": "true"}, "cp-app": {"auto_restart": "enabled", "delayed": "False", "has_global_scope": "True", "has_per_asic_scope": "False", "high_mem_alert": "disabled", "state": "enabled", "support_syslog_rate_limit": "true"}, "cp-tds": {"auto_restart": "enabled", "delayed": "False", "has_global_scope": "True", "has_per_asic_scope": "False", "high_mem_alert": "disabled", "state": "disabled", "support_syslog_rate_limit": "true"}, "cp-web-server": {"auto_restart": "enabled", "delayed": "True", "has_global_scope": "True", "has_per_asic_scope": "False", "high_mem_alert": "disabled", "state": "enabled", "support_syslog_rate_limit": "true"}, "database": {"auto_restart": "always_enabled", "delayed": "False", "has_global_scope": "True", "has_per_asic_scope": "True", "high_mem_alert": "disabled", "state": "always_enabled", "support_syslog_rate_limit": "true"}, "dhcp_relay": {"auto_restart": "enabled", "check_up_status": "False", "delayed": "False", "has_global_scope": "True", "has_per_asic_scope": "False", "high_mem_alert": "disabled", "set_owner": "local", "state": "disabled", "support_syslog_rate_limit": "True"}, "dhcp_server": {"auto_restart": "enabled", "check_up_status": "False", "delayed": "False", "has_global_scope": "True", "has_per_asic_scope": "False", "high_mem_alert": "disabled", "set_owner": "local", "state": "disabled", "support_syslog_rate_limit": "False"}, "eventd": {"auto_restart": "enabled", "delayed": "False", "has_global_scope": "True", "has_per_asic_scope": "False", "high_mem_alert": "disabled", "state": "enabled", "support_syslog_rate_limit": "true"}, "lldp": {"auto_restart": "enabled", "delayed": "True", "has_global_scope": "False", "has_per_asic_scope": "True", "high_mem_alert": "disabled", "state": "enabled", "support_syslog_rate_limit": "true"}, "mgmt-framework": {"auto_restart": "enabled", "delayed": "True", "has_global_scope": "True", "has_per_asic_scope": "False", "high_mem_alert": "disabled", "state": "enabled", "support_syslog_rate_limit": "true"}, "netconf": {"auto_restart": "enabled", "delayed": "False", "has_global_scope": "True", "has_per_asic_scope": "False", "high_mem_alert": "disabled", "state": "enabled", "support_syslog_rate_limit": "true"}, "ntp": {"auto_restart": "enabled", "delayed": "False", "has_global_scope": "False", "has_per_asic_scope": "False", "high_mem_alert": "disabled", "state": "enabled", "support_syslog_rate_limit": "true"}, "pmon": {"auto_restart": "enabled", "check_up_status": "false", "delayed": "False", "has_global_scope": "True", "has_per_asic_scope": "False", "high_mem_alert": "disabled", "state": "enabled", "support_syslog_rate_limit": "true"}, "stp": {"auto_restart": "enabled", "delayed": "False", "has_global_scope": "False", "has_per_asic_scope": "True", "high_mem_alert": "disabled", "state": "enabled", "support_syslog_rate_limit": "true"}, "swss": {"auto_restart": "enabled", "check_up_status": "false", "delayed": "False", "has_global_scope": "False", "has_per_asic_scope": "True", "high_mem_alert": "disabled", "state": "enabled", "support_syslog_rate_limit": "true"}, "syncd": {"auto_restart": "enabled", "delayed": "False", "has_global_scope": "False", "has_per_asic_scope": "True", "high_mem_alert": "disabled", "state": "enabled", "support_syslog_rate_limit": "true"}, "teamd": {"auto_restart": "enabled", "delayed": "False", "has_global_scope": "False", "has_per_asic_scope": "True", "high_mem_alert": "disabled", "state": "enabled", "support_syslog_rate_limit": "true"}}}, "LOGGER": {"pre_value": {"SAI_API_ACL": {"LOGLEVEL": "SAI_LOG_LEVEL_NOTICE", "LOGOUTPUT": "SYSLOG"}, "SAI_API_ARS": {"LOGLEVEL": "SAI_LOG_LEVEL_NOTICE", "LOGOUTPUT": "SYSLOG"}, "SAI_API_ARS_PROFILE": {"LOGLEVEL": "SAI_LOG_LEVEL_NOTICE", "LOGOUTPUT": "SYSLOG"}, "SAI_API_BFD": {"LOGLEVEL": "SAI_LOG_LEVEL_NOTICE", "LOGOUTPUT": "SYSLOG"}, "SAI_API_BMTOR": {"LOGLEVEL": "SAI_LOG_LEVEL_NOTICE", "LOGOUTPUT": "SYSLOG"}, "SAI_API_BRIDGE": {"LOGLEVEL": "SAI_LOG_LEVEL_NOTICE", "LOGOUTPUT": "SYSLOG"}, "SAI_API_BUFFER": {"LOGLEVEL": "SAI_LOG_LEVEL_NOTICE", "LOGOUTPUT": "SYSLOG"}, "SAI_API_COUNTER": {"LOGLEVEL": "SAI_LOG_LEVEL_NOTICE", "LOGOUTPUT": "SYSLOG"}, "SAI_API_DASH_ACL": {"LOGLEVEL": "SAI_LOG_LEVEL_NOTICE", "LOGOUTPUT": "SYSLOG"}, "SAI_API_DASH_DIRECTION_LOOKUP": {"LOGLEVEL": "SAI_LOG_LEVEL_NOTICE", "LOGOUTPUT": "SYSLOG"}, "SAI_API_DASH_ENI": {"LOGLEVEL": "SAI_LOG_LEVEL_NOTICE", "LOGOUTPUT": "SYSLOG"}, "SAI_API_DASH_INBOUND_ROUTING": {"LOGLEVEL": "SAI_LOG_LEVEL_NOTICE", "LOGOUTPUT": "SYSLOG"}, "SAI_API_DASH_OUTBOUND_CA_TO_PA": {"LOGLEVEL": "SAI_LOG_LEVEL_NOTICE", "LOGOUTPUT": "SYSLOG"}, "SAI_API_DASH_OUTBOUND_ROUTING": {"LOGLEVEL": "SAI_LOG_LEVEL_NOTICE", "LOGOUTPUT": "SYSLOG"}, "SAI_API_DASH_PA_VALIDATION": {"LOGLEVEL": "SAI_LOG_LEVEL_NOTICE", "LOGOUTPUT": "SYSLOG"}, "SAI_API_DASH_VIP": {"LOGLEVEL": "SAI_LOG_LEVEL_NOTICE", "LOGOUTPUT": "SYSLOG"}, "SAI_API_DASH_VNET": {"LOGLEVEL": "SAI_LOG_LEVEL_NOTICE", "LOGOUTPUT": "SYSLOG"}, "SAI_API_DEBUG_COUNTER": {"LOGLEVEL": "SAI_LOG_LEVEL_NOTICE", "LOGOUTPUT": "SYSLOG"}, "SAI_API_DTEL": {"LOGLEVEL": "SAI_LOG_LEVEL_NOTICE", "LOGOUTPUT": "SYSLOG"}, "SAI_API_FDB": {"LOGLEVEL": "SAI_LOG_LEVEL_NOTICE", "LOGOUTPUT": "SYSLOG"}, "SAI_API_GENERIC_PROGRAMMABLE": {"LOGLEVEL": "SAI_LOG_LEVEL_NOTICE", "LOGOUTPUT": "SYSLOG"}, "SAI_API_HASH": {"LOGLEVEL": "SAI_LOG_LEVEL_NOTICE", "LOGOUTPUT": "SYSLOG"}, "SAI_API_HOSTIF": {"LOGLEVEL": "SAI_LOG_LEVEL_NOTICE", "LOGOUTPUT": "SYSLOG"}, "SAI_API_IPMC": {"LOGLEVEL": "SAI_LOG_LEVEL_NOTICE", "LOGOUTPUT": "SYSLOG"}, "SAI_API_IPMC_GROUP": {"LOGLEVEL": "SAI_LOG_LEVEL_NOTICE", "LOGOUTPUT": "SYSLOG"}, "SAI_API_IPSEC": {"LOGLEVEL": "SAI_LOG_LEVEL_NOTICE", "LOGOUTPUT": "SYSLOG"}, "SAI_API_ISOLATION_GROUP": {"LOGLEVEL": "SAI_LOG_LEVEL_NOTICE", "LOGOUTPUT": "SYSLOG"}, "SAI_API_L2MC": {"LOGLEVEL": "SAI_LOG_LEVEL_NOTICE", "LOGOUTPUT": "SYSLOG"}, "SAI_API_L2MC_GROUP": {"LOGLEVEL": "SAI_LOG_LEVEL_NOTICE", "LOGOUTPUT": "SYSLOG"}, "SAI_API_LAG": {"LOGLEVEL": "SAI_LOG_LEVEL_NOTICE", "LOGOUTPUT": "SYSLOG"}, "SAI_API_MACSEC": {"LOGLEVEL": "SAI_LOG_LEVEL_NOTICE", "LOGOUTPUT": "SYSLOG"}, "SAI_API_MCAST_FDB": {"LOGLEVEL": "SAI_LOG_LEVEL_NOTICE", "LOGOUTPUT": "SYSLOG"}, "SAI_API_MIRROR": {"LOGLEVEL": "SAI_LOG_LEVEL_NOTICE", "LOGOUTPUT": "SYSLOG"}, "SAI_API_MPLS": {"LOGLEVEL": "SAI_LOG_LEVEL_NOTICE", "LOGOUTPUT": "SYSLOG"}, "SAI_API_MY_MAC": {"LOGLEVEL": "SAI_LOG_LEVEL_NOTICE", "LOGOUTPUT": "SYSLOG"}, "SAI_API_NAT": {"LOGLEVEL": "SAI_LOG_LEVEL_NOTICE", "LOGOUTPUT": "SYSLOG"}, "SAI_API_NEIGHBOR": {"LOGLEVEL": "SAI_LOG_LEVEL_NOTICE", "LOGOUTPUT": "SYSLOG"}, "SAI_API_NEXT_HOP": {"LOGLEVEL": "SAI_LOG_LEVEL_NOTICE", "LOGOUTPUT": "SYSLOG"}, "SAI_API_NEXT_HOP_GROUP": {"LOGLEVEL": "SAI_LOG_LEVEL_NOTICE", "LOGOUTPUT": "SYSLOG"}, "SAI_API_POLICER": {"LOGLEVEL": "SAI_LOG_LEVEL_NOTICE", "LOGOUTPUT": "SYSLOG"}, "SAI_API_PORT": {"LOGLEVEL": "SAI_LOG_LEVEL_NOTICE", "LOGOUTPUT": "SYSLOG"}, "SAI_API_QOS_MAP": {"LOGLEVEL": "SAI_LOG_LEVEL_NOTICE", "LOGOUTPUT": "SYSLOG"}, "SAI_API_QUEUE": {"LOGLEVEL": "SAI_LOG_LEVEL_NOTICE", "LOGOUTPUT": "SYSLOG"}, "SAI_API_ROUTE": {"LOGLEVEL": "SAI_LOG_LEVEL_NOTICE", "LOGOUTPUT": "SYSLOG"}, "SAI_API_ROUTER_INTERFACE": {"LOGLEVEL": "SAI_LOG_LEVEL_NOTICE", "LOGOUTPUT": "SYSLOG"}, "SAI_API_RPF_GROUP": {"LOGLEVEL": "SAI_LOG_LEVEL_NOTICE", "LOGOUTPUT": "SYSLOG"}, "SAI_API_SAMPLEPACKET": {"LOGLEVEL": "SAI_LOG_LEVEL_NOTICE", "LOGOUTPUT": "SYSLOG"}, "SAI_API_SCHEDULER": {"LOGLEVEL": "SAI_LOG_LEVEL_NOTICE", "LOGOUTPUT": "SYSLOG"}, "SAI_API_SCHEDULER_GROUP": {"LOGLEVEL": "SAI_LOG_LEVEL_NOTICE", "LOGOUTPUT": "SYSLOG"}, "SAI_API_SRV6": {"LOGLEVEL": "SAI_LOG_LEVEL_NOTICE", "LOGOUTPUT": "SYSLOG"}, "SAI_API_STP": {"LOGLEVEL": "SAI_LOG_LEVEL_NOTICE", "LOGOUTPUT": "SYSLOG"}, "SAI_API_SWITCH": {"LOGLEVEL": "SAI_LOG_LEVEL_NOTICE", "LOGOUTPUT": "SYSLOG"}, "SAI_API_SYSTEM_PORT": {"LOGLEVEL": "SAI_LOG_LEVEL_NOTICE", "LOGOUTPUT": "SYSLOG"}, "SAI_API_TAM": {"LOGLEVEL": "SAI_LOG_LEVEL_NOTICE", "LOGOUTPUT": "SYSLOG"}, "SAI_API_TUNNEL": {"LOGLEVEL": "SAI_LOG_LEVEL_NOTICE", "LOGOUTPUT": "SYSLOG"}, "SAI_API_UDF": {"LOGLEVEL": "SAI_LOG_LEVEL_NOTICE", "LOGOUTPUT": "SYSLOG"}, "SAI_API_VIRTUAL_ROUTER": {"LOGLEVEL": "SAI_LOG_LEVEL_NOTICE", "LOGOUTPUT": "SYSLOG"}, "SAI_API_VLAN": {"LOGLEVEL": "SAI_LOG_LEVEL_NOTICE", "LOGOUTPUT": "SYSLOG"}, "SAI_API_VLAN_STACK": {"LOGLEVEL": "SAI_LOG_LEVEL_NOTICE", "LOGOUTPUT": "SYSLOG"}, "SAI_API_WRED": {"LOGLEVEL": "SAI_LOG_LEVEL_NOTICE", "LOGOUTPUT": "SYSLOG"}, "coppmgrd": {"LOGLEVEL": "NOTICE", "LOGOUTPUT": "SYSLOG"}, "eventd": {"LOGLEVEL": "NOTICE", "LOGOUTPUT": "SYSLOG"}, "eventdb": {"LOGLEVEL": "NOTICE", "LOGOUTPUT": "SYSLOG"}, "fdbsyncd": {"LOGLEVEL": "NOTICE", "LOGOUTPUT": "SYSLOG"}, "intfmgrd": {"LOGLEVEL": "NOTICE", "LOGOUTPUT": "SYSLOG"}, "nbrmgrd": {"LOGLEVEL": "NOTICE", "LOGOUTPUT": "SYSLOG"}, "neighsyncd": {"LOGLEVEL": "NOTICE", "LOGOUTPUT": "SYSLOG"}, "netconfmgrd": {"LOGLEVEL": "NOTICE", "LOGOUTPUT": "SYSLOG"}, "orchagent": {"LOGLEVEL": "NOTICE", "LOGOUTPUT": "SYSLOG"}, "portmgrd": {"LOGLEVEL": "NOTICE", "LOGOUTPUT": "SYSLOG"}, "portsyncd": {"LOGLEVEL": "NOTICE", "LOGOUTPUT": "SYSLOG"}, "soamsyncd": {"LOGLEVEL": "NOTICE", "LOGOUTPUT": "SYSLOG"}, "stpmgrd": {"LOGLEVEL": "NOTICE", "LOGOUTPUT": "SYSLOG"}, "syncd": {"LOGLEVEL": "NOTICE", "LOGOUTPUT": "SYSLOG"}, "tdsmgrd": {"LOGLEVEL": "NOTICE", "LOGOUTPUT": "SYSLOG"}, "teammgrd": {"LOGLEVEL": "NOTICE", "LOGOUTPUT": "SYSLOG"}, "teamsyncd": {"LOGLEVEL": "NOTICE", "LOGOUTPUT": "SYSLOG"}, "tlm_teamd": {"LOGLEVEL": "NOTICE", "LOGOUTPUT": "SYSLOG"}, "vlanmgrd": {"LOGLEVEL": "NOTICE", "LOGOUTPUT": "SYSLOG"}, "vrfmgrd": {"LOGLEVEL": "NOTICE", "LOGOUTPUT": "SYSLOG"}}, "cur_value": {"SAI_API_ACL": {"LOGLEVEL": "SAI_LOG_LEVEL_NOTICE", "LOGOUTPUT": "SYSLOG"}, "SAI_API_ARS": {"LOGLEVEL": "SAI_LOG_LEVEL_NOTICE", "LOGOUTPUT": "SYSLOG"}, "SAI_API_ARS_PROFILE": {"LOGLEVEL": "SAI_LOG_LEVEL_NOTICE", "LOGOUTPUT": "SYSLOG"}, "SAI_API_BFD": {"LOGLEVEL": "SAI_LOG_LEVEL_NOTICE", "LOGOUTPUT": "SYSLOG"}, "SAI_API_BMTOR": {"LOGLEVEL": "SAI_LOG_LEVEL_NOTICE", "LOGOUTPUT": "SYSLOG"}, "SAI_API_BRIDGE": {"LOGLEVEL": "SAI_LOG_LEVEL_NOTICE", "LOGOUTPUT": "SYSLOG"}, "SAI_API_BUFFER": {"LOGLEVEL": "SAI_LOG_LEVEL_NOTICE", "LOGOUTPUT": "SYSLOG"}, "SAI_API_COUNTER": {"LOGLEVEL": "SAI_LOG_LEVEL_NOTICE", "LOGOUTPUT": "SYSLOG"}, "SAI_API_DASH_ACL": {"LOGLEVEL": "SAI_LOG_LEVEL_NOTICE", "LOGOUTPUT": "SYSLOG"}, "SAI_API_DASH_DIRECTION_LOOKUP": {"LOGLEVEL": "SAI_LOG_LEVEL_NOTICE", "LOGOUTPUT": "SYSLOG"}, "SAI_API_DASH_ENI": {"LOGLEVEL": "SAI_LOG_LEVEL_NOTICE", "LOGOUTPUT": "SYSLOG"}, "SAI_API_DASH_INBOUND_ROUTING": {"LOGLEVEL": "SAI_LOG_LEVEL_NOTICE", "LOGOUTPUT": "SYSLOG"}, "SAI_API_DASH_OUTBOUND_CA_TO_PA": {"LOGLEVEL": "SAI_LOG_LEVEL_NOTICE", "LOGOUTPUT": "SYSLOG"}, "SAI_API_DASH_OUTBOUND_ROUTING": {"LOGLEVEL": "SAI_LOG_LEVEL_NOTICE", "LOGOUTPUT": "SYSLOG"}, "SAI_API_DASH_PA_VALIDATION": {"LOGLEVEL": "SAI_LOG_LEVEL_NOTICE", "LOGOUTPUT": "SYSLOG"}, "SAI_API_DASH_VIP": {"LOGLEVEL": "SAI_LOG_LEVEL_NOTICE", "LOGOUTPUT": "SYSLOG"}, "SAI_API_DASH_VNET": {"LOGLEVEL": "SAI_LOG_LEVEL_NOTICE", "LOGOUTPUT": "SYSLOG"}, "SAI_API_DEBUG_COUNTER": {"LOGLEVEL": "SAI_LOG_LEVEL_NOTICE", "LOGOUTPUT": "SYSLOG"}, "SAI_API_DTEL": {"LOGLEVEL": "SAI_LOG_LEVEL_NOTICE", "LOGOUTPUT": "SYSLOG"}, "SAI_API_FDB": {"LOGLEVEL": "SAI_LOG_LEVEL_NOTICE", "LOGOUTPUT": "SYSLOG"}, "SAI_API_GENERIC_PROGRAMMABLE": {"LOGLEVEL": "SAI_LOG_LEVEL_NOTICE", "LOGOUTPUT": "SYSLOG"}, "SAI_API_HASH": {"LOGLEVEL": "SAI_LOG_LEVEL_NOTICE", "LOGOUTPUT": "SYSLOG"}, "SAI_API_HOSTIF": {"LOGLEVEL": "SAI_LOG_LEVEL_NOTICE", "LOGOUTPUT": "SYSLOG"}, "SAI_API_IPMC": {"LOGLEVEL": "SAI_LOG_LEVEL_NOTICE", "LOGOUTPUT": "SYSLOG"}, "SAI_API_IPMC_GROUP": {"LOGLEVEL": "SAI_LOG_LEVEL_NOTICE", "LOGOUTPUT": "SYSLOG"}, "SAI_API_IPSEC": {"LOGLEVEL": "SAI_LOG_LEVEL_NOTICE", "LOGOUTPUT": "SYSLOG"}, "SAI_API_ISOLATION_GROUP": {"LOGLEVEL": "SAI_LOG_LEVEL_NOTICE", "LOGOUTPUT": "SYSLOG"}, "SAI_API_L2MC": {"LOGLEVEL": "SAI_LOG_LEVEL_NOTICE", "LOGOUTPUT": "SYSLOG"}, "SAI_API_L2MC_GROUP": {"LOGLEVEL": "SAI_LOG_LEVEL_NOTICE", "LOGOUTPUT": "SYSLOG"}, "SAI_API_LAG": {"LOGLEVEL": "SAI_LOG_LEVEL_NOTICE", "LOGOUTPUT": "SYSLOG"}, "SAI_API_MACSEC": {"LOGLEVEL": "SAI_LOG_LEVEL_NOTICE", "LOGOUTPUT": "SYSLOG"}, "SAI_API_MCAST_FDB": {"LOGLEVEL": "SAI_LOG_LEVEL_NOTICE", "LOGOUTPUT": "SYSLOG"}, "SAI_API_MIRROR": {"LOGLEVEL": "SAI_LOG_LEVEL_NOTICE", "LOGOUTPUT": "SYSLOG"}, "SAI_API_MPLS": {"LOGLEVEL": "SAI_LOG_LEVEL_NOTICE", "LOGOUTPUT": "SYSLOG"}, "SAI_API_MY_MAC": {"LOGLEVEL": "SAI_LOG_LEVEL_NOTICE", "LOGOUTPUT": "SYSLOG"}, "SAI_API_NAT": {"LOGLEVEL": "SAI_LOG_LEVEL_NOTICE", "LOGOUTPUT": "SYSLOG"}, "SAI_API_NEIGHBOR": {"LOGLEVEL": "SAI_LOG_LEVEL_NOTICE", "LOGOUTPUT": "SYSLOG"}, "SAI_API_NEXT_HOP": {"LOGLEVEL": "SAI_LOG_LEVEL_NOTICE", "LOGOUTPUT": "SYSLOG"}, "SAI_API_NEXT_HOP_GROUP": {"LOGLEVEL": "SAI_LOG_LEVEL_NOTICE", "LOGOUTPUT": "SYSLOG"}, "SAI_API_POLICER": {"LOGLEVEL": "SAI_LOG_LEVEL_NOTICE", "LOGOUTPUT": "SYSLOG"}, "SAI_API_PORT": {"LOGLEVEL": "SAI_LOG_LEVEL_NOTICE", "LOGOUTPUT": "SYSLOG"}, "SAI_API_QOS_MAP": {"LOGLEVEL": "SAI_LOG_LEVEL_NOTICE", "LOGOUTPUT": "SYSLOG"}, "SAI_API_QUEUE": {"LOGLEVEL": "SAI_LOG_LEVEL_NOTICE", "LOGOUTPUT": "SYSLOG"}, "SAI_API_ROUTE": {"LOGLEVEL": "SAI_LOG_LEVEL_NOTICE", "LOGOUTPUT": "SYSLOG"}, "SAI_API_ROUTER_INTERFACE": {"LOGLEVEL": "SAI_LOG_LEVEL_NOTICE", "LOGOUTPUT": "SYSLOG"}, "SAI_API_RPF_GROUP": {"LOGLEVEL": "SAI_LOG_LEVEL_NOTICE", "LOGOUTPUT": "SYSLOG"}, "SAI_API_SAMPLEPACKET": {"LOGLEVEL": "SAI_LOG_LEVEL_NOTICE", "LOGOUTPUT": "SYSLOG"}, "SAI_API_SCHEDULER": {"LOGLEVEL": "SAI_LOG_LEVEL_NOTICE", "LOGOUTPUT": "SYSLOG"}, "SAI_API_SCHEDULER_GROUP": {"LOGLEVEL": "SAI_LOG_LEVEL_NOTICE", "LOGOUTPUT": "SYSLOG"}, "SAI_API_SRV6": {"LOGLEVEL": "SAI_LOG_LEVEL_NOTICE", "LOGOUTPUT": "SYSLOG"}, "SAI_API_STP": {"LOGLEVEL": "SAI_LOG_LEVEL_NOTICE", "LOGOUTPUT": "SYSLOG"}, "SAI_API_SWITCH": {"LOGLEVEL": "SAI_LOG_LEVEL_NOTICE", "LOGOUTPUT": "SYSLOG"}, "SAI_API_SYSTEM_PORT": {"LOGLEVEL": "SAI_LOG_LEVEL_NOTICE", "LOGOUTPUT": "SYSLOG"}, "SAI_API_TAM": {"LOGLEVEL": "SAI_LOG_LEVEL_NOTICE", "LOGOUTPUT": "SYSLOG"}, "SAI_API_TUNNEL": {"LOGLEVEL": "SAI_LOG_LEVEL_NOTICE", "LOGOUTPUT": "SYSLOG"}, "SAI_API_UDF": {"LOGLEVEL": "SAI_LOG_LEVEL_NOTICE", "LOGOUTPUT": "SYSLOG"}, "SAI_API_VIRTUAL_ROUTER": {"LOGLEVEL": "SAI_LOG_LEVEL_NOTICE", "LOGOUTPUT": "SYSLOG"}, "SAI_API_VLAN": {"LOGLEVEL": "SAI_LOG_LEVEL_NOTICE", "LOGOUTPUT": "SYSLOG"}, "SAI_API_VLAN_STACK": {"LOGLEVEL": "SAI_LOG_LEVEL_NOTICE", "LOGOUTPUT": "SYSLOG"}, "SAI_API_WRED": {"LOGLEVEL": "SAI_LOG_LEVEL_NOTICE", "LOGOUTPUT": "SYSLOG"}, "coppmgrd": {"LOGLEVEL": "NOTICE", "LOGOUTPUT": "SYSLOG"}, "eventd": {"LOGLEVEL": "NOTICE", "LOGOUTPUT": "SYSLOG"}, "eventdb": {"LOGLEVEL": "NOTICE", "LOGOUTPUT": "SYSLOG"}, "fdbsyncd": {"LOGLEVEL": "NOTICE", "LOGOUTPUT": "SYSLOG"}, "intfmgrd": {"LOGLEVEL": "NOTICE", "LOGOUTPUT": "SYSLOG"}, "nbrmgrd": {"LOGLEVEL": "NOTICE", "LOGOUTPUT": "SYSLOG"}, "neighsyncd": {"LOGLEVEL": "NOTICE", "LOGOUTPUT": "SYSLOG"}, "netconfmgrd": {"LOGLEVEL": "NOTICE", "LOGOUTPUT": "SYSLOG"}, "orchagent": {"LOGLEVEL": "NOTICE", "LOGOUTPUT": "SYSLOG"}, "portmgrd": {"LOGLEVEL": "NOTICE", "LOGOUTPUT": "SYSLOG"}, "portsyncd": {"LOGLEVEL": "NOTICE", "LOGOUTPUT": "SYSLOG"}, "soamsyncd": {"LOGLEVEL": "NOTICE", "LOGOUTPUT": "SYSLOG"}, "stpmgrd": {"LOGLEVEL": "NOTICE", "LOGOUTPUT": "SYSLOG"}, "syncd": {"LOGLEVEL": "NOTICE", "LOGOUTPUT": "SYSLOG"}, "teammgrd": {"LOGLEVEL": "NOTICE", "LOGOUTPUT": "SYSLOG"}, "teamsyncd": {"LOGLEVEL": "NOTICE", "LOGOUTPUT": "SYSLOG"}, "tlm_teamd": {"LOGLEVEL": "NOTICE", "LOGOUTPUT": "SYSLOG"}, "vlanmgrd": {"LOGLEVEL": "NOTICE", "LOGOUTPUT": "SYSLOG"}, "vrfmgrd": {"LOGLEVEL": "NOTICE", "LOGOUTPUT": "SYSLOG"}}}, "VLAN": {"pre_value": {"Vlan1": {"admin_status": "down", "aging_time": "300", "maximum_mac_limit": "64", "vlanid": "1"}, "Vlan200": {"admin_status": "up", "aging_time": "300", "frer": "false", "learn_disable": "false", "maximum_mac_limit": "64", "rspan": "false", "vlanid": "200"}, "Vlan201": {"admin_status": "up", "aging_time": "300", "frer": "false", "learn_disable": "false", "maximum_mac_limit": "64", "rspan": "false", "vlanid": "201"}, "Vlan400": {"admin_status": "up", "aging_time": "300", "frer": "false", "learn_disable": "false", "maximum_mac_limit": "64", "rspan": "false", "vlanid": "400"}}, "cur_value": {"S-Vlan2": {"admin_status": "up", "aging_time": "300", "frer": "false", "learn_disable": "false", "maximum_mac_limit": "64", "mtu": "9100", "terminate": "true", "tpid": "0x88A8", "vlanid": "2"}, "Vlan1": {"admin_status": "up", "aging_time": "300", "maximum_mac_limit": "64", "vlanid": "1"}, "Vlan200": {"admin_status": "up", "aging_time": "300", "frer": "false", "learn_disable": "false", "maximum_mac_limit": "64", "rspan": "false", "vlanid": "200"}, "Vlan201": {"admin_status": "up", "aging_time": "300", "frer": "false", "learn_disable": "false", "maximum_mac_limit": "64", "rspan": "false", "vlanid": "201"}, "Vlan400": {"admin_status": "up", "aging_time": "300", "frer": "false", "learn_disable": "false", "maximum_mac_limit": "64", "rspan": "false", "vlanid": "400"}}}, "VLAN_MEMBER": {"pre_value": {"Vlan1|Ethernet0": {"tagging_mode": "untagged"}, "Vlan1|Ethernet10": {"tagging_mode": "untagged"}, "Vlan1|Ethernet11": {"tagging_mode": "untagged"}, "Vlan1|Ethernet12": {"tagging_mode": "untagged"}, "Vlan1|Ethernet13": {"tagging_mode": "untagged"}, "Vlan1|Ethernet14": {"tagging_mode": "untagged"}, "Vlan1|Ethernet15": {"tagging_mode": "untagged"}, "Vlan1|Ethernet3": {"tagging_mode": "untagged"}, "Vlan1|Ethernet4": {"tagging_mode": "untagged"}, "Vlan1|Ethernet5": {"tagging_mode": "untagged"}, "Vlan1|Ethernet6": {"tagging_mode": "untagged"}, "Vlan1|Ethernet7": {"tagging_mode": "untagged"}, "Vlan1|Ethernet8": {"tagging_mode": "untagged"}, "Vlan1|Ethernet9": {"tagging_mode": "untagged"}, "Vlan1|PortChannel1": {"tagging_mode": "untagged"}, "Vlan200|Ethernet13": {"tagging_mode": "tagged"}, "Vlan201|Ethernet15": {"tagging_mode": "tagged"}, "Vlan400|Ethernet0": {"tagging_mode": "tagged"}}, "cur_value": {"S-Vlan2|Ethernet15": {"tagging_mode": "double_tagged"}, "S-Vlan2|Vlan1": {"tagging_mode": "tagged"}, "Vlan1|Ethernet0": {"tagging_mode": "untagged"}, "Vlan1|Ethernet1": {"tagging_mode": "tagged"}, "Vlan1|Ethernet10": {"tagging_mode": "untagged"}, "Vlan1|Ethernet11": {"tagging_mode": "untagged"}, "Vlan1|Ethernet12": {"tagging_mode": "untagged"}, "Vlan1|Ethernet13": {"tagging_mode": "untagged"}, "Vlan1|Ethernet14": {"tagging_mode": "untagged"}, "Vlan1|Ethernet15": {"tagging_mode": "untagged"}, "Vlan1|Ethernet2": {"tagging_mode": "untagged"}, "Vlan1|Ethernet3": {"tagging_mode": "untagged"}, "Vlan1|Ethernet4": {"tagging_mode": "untagged"}, "Vlan1|Ethernet5": {"tagging_mode": "untagged"}, "Vlan1|Ethernet6": {"tagging_mode": "untagged"}, "Vlan1|Ethernet7": {"tagging_mode": "untagged"}, "Vlan1|Ethernet8": {"tagging_mode": "untagged"}, "Vlan1|Ethernet9": {"tagging_mode": "untagged"}, "Vlan200|Ethernet13": {"tagging_mode": "tagged"}, "Vlan201|Ethernet15": {"tagging_mode": "tagged"}, "Vlan400|Ethernet0": {"tagging_mode": "tagged"}}}}}}}}
Skipping callback 'yaml', as we already have a stdout callback.
Skipping callback 'default', as we already have a stdout callback.
Skipping callback 'minimal', as we already have a stdout callback.
Skipping callback 'oneline', as we already have a stdout callback.
Skipping callback 'yaml', as we already have a stdout callback.
Skipping callback 'default', as we already have a stdout callback.
Skipping callback 'minimal', as we already have a stdout callback.
Skipping callback 'oneline', as we already have a stdout callback.
Skipping callback 'yaml', as we already have a stdout callback.
Skipping callback 'default', as we already have a stdout callback.
Skipping callback 'minimal', as we already have a stdout callback.
Skipping callback 'oneline', as we already have a stdout callback.
Skipping callback 'yaml', as we already have a stdout callback.
Skipping callback 'default', as we already have a stdout callback.
Skipping callback 'minimal', as we already have a stdout callback.
Skipping callback 'oneline', as we already have a stdout callback.
Skipping callback 'yaml', as we already have a stdout callback.
Skipping callback 'default', as we already have a stdout callback.
Skipping callback 'minimal', as we already have a stdout callback.
Skipping callback 'oneline', as we already have a stdout callback.
Skipping callback 'yaml', as we already have a stdout callback.
Skipping callback 'default', as we already have a stdout callback.
Skipping callback 'minimal', as we already have a stdout callback.
Skipping callback 'oneline', as we already have a stdout callback.
Skipping callback 'yaml', as we already have a stdout callback.
Skipping callback 'default', as we already have a stdout callback.
Skipping callback 'minimal', as we already have a stdout callback.
Skipping callback 'oneline', as we already have a stdout callback.
Skipping callback 'yaml', as we already have a stdout callback.
Skipping callback 'default', as we already have a stdout callback.
Skipping callback 'minimal', as we already have a stdout callback.
Skipping callback 'oneline', as we already have a stdout callback.
Skipping callback 'yaml', as we already have a stdout callback.
Skipping callback 'default', as we already have a stdout callback.
Skipping callback 'minimal', as we already have a stdout callback.
Skipping callback 'oneline', as we already have a stdout callback.
Skipping callback 'yaml', as we already have a stdout callback.
Skipping callback 'default', as we already have a stdout callback.
Skipping callback 'minimal', as we already have a stdout callback.
Skipping callback 'oneline', as we already have a stdout callback.
Skipping callback 'yaml', as we already have a stdout callback.
Skipping callback 'default', as we already have a stdout callback.
Skipping callback 'minimal', as we already have a stdout callback.
Skipping callback 'oneline', as we already have a stdout callback.
Skipping callback 'yaml', as we already have a stdout callback.
Skipping callback 'default', as we already have a stdout callback.
Skipping callback 'minimal', as we already have a stdout callback.
Skipping callback 'oneline', as we already have a stdout callback.
Skipping callback 'yaml', as we already have a stdout callback.
Skipping callback 'default', as we already have a stdout callback.
Skipping callback 'minimal', as we already have a stdout callback.
Skipping callback 'oneline', as we already have a stdout callback.
Skipping callback 'yaml', as we already have a stdout callback.
Skipping callback 'default', as we already have a stdout callback.
Skipping callback 'minimal', as we already have a stdout callback.
Skipping callback 'oneline', as we already have a stdout callback.
Skipping callback 'yaml', as we already have a stdout callback.
Skipping callback 'default', as we already have a stdout callback.
Skipping callback 'minimal', as we already have a stdout callback.
Skipping callback 'oneline', as we already have a stdout callback.
Skipping callback 'yaml', as we already have a stdout callback.
Skipping callback 'default', as we already have a stdout callback.
Skipping callback 'minimal', as we already have a stdout callback.
Skipping callback 'oneline', as we already have a stdout callback.
Skipping callback 'yaml', as we already have a stdout callback.
Skipping callback 'default', as we already have a stdout callback.
Skipping callback 'minimal', as we already have a stdout callback.
Skipping callback 'oneline', as we already have a stdout callback.
Skipping callback 'yaml', as we already have a stdout callback.
Skipping callback 'default', as we already have a stdout callback.
Skipping callback 'minimal', as we already have a stdout callback.
Skipping callback 'oneline', as we already have a stdout callback.
Skipping callback 'yaml', as we already have a stdout callback.
Skipping callback 'default', as we already have a stdout callback.
Skipping callback 'minimal', as we already have a stdout callback.
Skipping callback 'oneline', as we already have a stdout callback.
Skipping callback 'yaml', as we already have a stdout callback.
Skipping callback 'default', as we already have a stdout callback.
Skipping callback 'minimal', as we already have a stdout callback.
Skipping callback 'oneline', as we already have a stdout callback.
Skipping callback 'yaml', as we already have a stdout callback.
Skipping callback 'default', as we already have a stdout callback.
Skipping callback 'minimal', as we already have a stdout callback.
Skipping callback 'oneline', as we already have a stdout callback.
Skipping callback 'yaml', as we already have a stdout callback.
Skipping callback 'default', as we already have a stdout callback.
Skipping callback 'minimal', as we already have a stdout callback.
Skipping callback 'oneline', as we already have a stdout callback.
Skipping callback 'yaml', as we already have a stdout callback.
Skipping callback 'default', as we already have a stdout callback.
Skipping callback 'minimal', as we already have a stdout callback.
Skipping callback 'oneline', as we already have a stdout callback.
Skipping callback 'yaml', as we already have a stdout callback.
Skipping callback 'default', as we already have a stdout callback.
Skipping callback 'minimal', as we already have a stdout callback.
Skipping callback 'oneline', as we already have a stdout callback.
Skipping callback 'yaml', as we already have a stdout callback.
Skipping callback 'default', as we already have a stdout callback.
Skipping callback 'minimal', as we already have a stdout callback.
Skipping callback 'oneline', as we already have a stdout callback.
Skipping callback 'yaml', as we already have a stdout callback.
Skipping callback 'default', as we already have a stdout callback.
Skipping callback 'minimal', as we already have a stdout callback.
Skipping callback 'oneline', as we already have a stdout callback.

tests/vlan/test_vlan.py::test_vlan_tc3_send_invalid_vid ERROR

==================================== ERRORS ====================================
_______________ ERROR at setup of test_vlan_tc3_send_invalid_vid _______________

cls = <class '_pytest.runner.CallInfo'>
func = <function call_and_report.<locals>.<lambda> at 0x70772223c900>
when = 'setup'
reraise = (<class '_pytest.outcomes.Exit'>, <class 'KeyboardInterrupt'>)

    @classmethod
    def from_call(
        cls,
        func: Callable[[], TResult],
        when: Literal["collect", "setup", "call", "teardown"],
        reraise: type[BaseException] | tuple[type[BaseException], ...] | None = None,
    ) -> CallInfo[TResult]:
        """Call func, wrapping the result in a CallInfo.
    
        :param func:
            The function to call. Called without arguments.
        :type func: Callable[[], _pytest.runner.TResult]
        :param when:
            The phase in which the function is called.
        :param reraise:
            Exception or exceptions that shall propagate if raised by the
            function, instead of being wrapped in the CallInfo.
        """
        excinfo = None
        instant = timing.Instant()
        try:
>           result: TResult | None = func()
                                     ^^^^^^

/opt/venv/lib/python3.12/site-packages/_pytest/runner.py:353: 
_ _ _ _ _ _ _ _ _ _ _ _ _ _ _ _ _ _ _ _ _ _ _ _ _ _ _ _ _ _ _ _ _ _ _ _ _ _ _ _ 

>       lambda: runtest_hook(item=item, **kwds),
                ^^^^^^^^^^^^^^^^^^^^^^^^^^^^^^^
        when=when,
        reraise=get_reraise_exceptions(item.config),
    )

/opt/venv/lib/python3.12/site-packages/_pytest/runner.py:245: 
_ _ _ _ _ _ _ _ _ _ _ _ _ _ _ _ _ _ _ _ _ _ _ _ _ _ _ _ _ _ _ _ _ _ _ _ _ _ _ _ 

self = <HookCaller 'pytest_runtest_setup'>
kwargs = {'item': <Function test_vlan_tc3_send_invalid_vid>}
firstresult = False

    def __call__(self, **kwargs: object) -> Any:
        """Call the hook.
    
        Only accepts keyword arguments, which should match the hook
        specification.
    
        Returns the result(s) of calling all registered plugins, see
        :ref:`calling`.
        """
        assert not self.is_historic(), (
            "Cannot directly call a historic hook - use call_historic instead."
        )
        self._verify_all_args_are_provided(kwargs)
        firstresult = self.spec.opts.get("firstresult", False) if self.spec else False
        # Copy because plugins may register other plugins during iteration (#438).
>       return self._hookexec(self.name, self._hookimpls.copy(), kwargs, firstresult)
               ^^^^^^^^^^^^^^^^^^^^^^^^^^^^^^^^^^^^^^^^^^^^^^^^^^^^^^^^^^^^^^^^^^^^^^

/opt/venv/lib/python3.12/site-packages/pluggy/_hooks.py:512: 
_ _ _ _ _ _ _ _ _ _ _ _ _ _ _ _ _ _ _ _ _ _ _ _ _ _ _ _ _ _ _ _ _ _ _ _ _ _ _ _ 

self = <_pytest.config.PytestPluginManager object at 0x707729fcbd40>
hook_name = 'pytest_runtest_setup'
methods = [<HookImpl plugin_name='tests.common.plugins.memory_utilization', plugin=<module 'tests.common.plugins.memory_utilizat... 'tests.common.plugins.custom_markers' from '/var/src/SonicMmt/tests/common/plugins/custom_markers/__init__.py'>>, ...]
kwargs = {'item': <Function test_vlan_tc3_send_invalid_vid>}
firstresult = False

    def _hookexec(
        self,
        hook_name: str,
        methods: Sequence[HookImpl],
        kwargs: Mapping[str, object],
        firstresult: bool,
    ) -> object | list[object]:
        # called from all hookcaller instances.
        # enable_tracing will set its own wrapping function at self._inner_hookexec
>       return self._inner_hookexec(hook_name, methods, kwargs, firstresult)
               ^^^^^^^^^^^^^^^^^^^^^^^^^^^^^^^^^^^^^^^^^^^^^^^^^^^^^^^^^^^^^

/opt/venv/lib/python3.12/site-packages/pluggy/_manager.py:120: 
_ _ _ _ _ _ _ _ _ _ _ _ _ _ _ _ _ _ _ _ _ _ _ _ _ _ _ _ _ _ _ _ _ _ _ _ _ _ _ _ 

hook_name = 'pytest_runtest_setup'
hook_impls = [<HookImpl plugin_name='tests.common.plugins.memory_utilization', plugin=<module 'tests.common.plugins.memory_utilizat... 'tests.common.plugins.custom_markers' from '/var/src/SonicMmt/tests/common/plugins/custom_markers/__init__.py'>>, ...]
caller_kwargs = {'item': <Function test_vlan_tc3_send_invalid_vid>}
firstresult = False

    def _multicall(
        hook_name: str,
        hook_impls: Sequence[HookImpl],
        caller_kwargs: Mapping[str, object],
        firstresult: bool,
    ) -> object | list[object]:
        """Execute a call into multiple python functions/methods and return the
        result(s).
    
        ``caller_kwargs`` comes from HookCaller.__call__().
        """
        __tracebackhide__ = True
        results: list[object] = []
        exception = None
        try:  # run impl and wrapper setup functions in a loop
            teardowns: list[Teardown] = []
            try:
                for hook_impl in reversed(hook_impls):
                    try:
                        args = [caller_kwargs[argname] for argname in hook_impl.argnames]
                    except KeyError as e:
                        # coverage bug - this is tested
                        for argname in hook_impl.argnames:  # pragma: no cover
                            if argname not in caller_kwargs:
                                raise HookCallError(
                                    f"hook call must provide argument {argname!r}"
                                ) from e
    
                    if hook_impl.hookwrapper:
                        function_gen = run_old_style_hookwrapper(hook_impl, hook_name, args)
    
                        next(function_gen)  # first yield
                        teardowns.append(function_gen)
    
                    elif hook_impl.wrapper:
                        try:
                            # If this cast is not valid, a type error is raised below,
                            # which is the desired response.
                            res = hook_impl.function(*args)
                            function_gen = cast(Generator[None, object, object], res)
                            next(function_gen)  # first yield
                            teardowns.append(function_gen)
                        except StopIteration:
                            _raise_wrapfail(function_gen, "did not yield")
                    else:
                        res = hook_impl.function(*args)
                        if res is not None:
                            results.append(res)
                            if firstresult:  # halt further impl calls
                                break
            except BaseException as exc:
                exception = exc
        finally:
            if firstresult:  # first result hooks return a single value
                result = results[0] if results else None
            else:
                result = results
    
            # run all wrapper post-yield blocks
            for teardown in reversed(teardowns):
                try:
                    if exception is not None:
                        try:
                            teardown.throw(exception)
                        except RuntimeError as re:
                            # StopIteration from generator causes RuntimeError
                            # even for coroutine usage - see #544
                            if (
                                isinstance(exception, StopIteration)
                                and re.__cause__ is exception
                            ):
                                teardown.close()
                                continue
                            else:
                                raise
                    else:
                        teardown.send(result)
                    # Following is unreachable for a well behaved hook wrapper.
                    # Try to force finalizers otherwise postponed till GC action.
                    # Note: close() may raise if generator handles GeneratorExit.
                    teardown.close()
                except StopIteration as si:
                    result = si.value
                    exception = None
                    continue
                except BaseException as e:
                    exception = e
                    continue
                _raise_wrapfail(teardown, "has second yield")
    
        if exception is not None:
>           raise exception

/opt/venv/lib/python3.12/site-packages/pluggy/_callers.py:167: 
_ _ _ _ _ _ _ _ _ _ _ _ _ _ _ _ _ _ _ _ _ _ _ _ _ _ _ _ _ _ _ _ _ _ _ _ _ _ _ _ 

hook_name = 'pytest_runtest_setup'
hook_impls = [<HookImpl plugin_name='tests.common.plugins.memory_utilization', plugin=<module 'tests.common.plugins.memory_utilizat... 'tests.common.plugins.custom_markers' from '/var/src/SonicMmt/tests/common/plugins/custom_markers/__init__.py'>>, ...]
caller_kwargs = {'item': <Function test_vlan_tc3_send_invalid_vid>}
firstresult = False

    def _multicall(
        hook_name: str,
        hook_impls: Sequence[HookImpl],
        caller_kwargs: Mapping[str, object],
        firstresult: bool,
    ) -> object | list[object]:
        """Execute a call into multiple python functions/methods and return the
        result(s).
    
        ``caller_kwargs`` comes from HookCaller.__call__().
        """
        __tracebackhide__ = True
        results: list[object] = []
        exception = None
        try:  # run impl and wrapper setup functions in a loop
            teardowns: list[Teardown] = []
            try:
                for hook_impl in reversed(hook_impls):
                    try:
                        args = [caller_kwargs[argname] for argname in hook_impl.argnames]
                    except KeyError as e:
                        # coverage bug - this is tested
                        for argname in hook_impl.argnames:  # pragma: no cover
                            if argname not in caller_kwargs:
                                raise HookCallError(
                                    f"hook call must provide argument {argname!r}"
                                ) from e
    
                    if hook_impl.hookwrapper:
                        function_gen = run_old_style_hookwrapper(hook_impl, hook_name, args)
    
                        next(function_gen)  # first yield
                        teardowns.append(function_gen)
    
                    elif hook_impl.wrapper:
                        try:
                            # If this cast is not valid, a type error is raised below,
                            # which is the desired response.
                            res = hook_impl.function(*args)
                            function_gen = cast(Generator[None, object, object], res)
                            next(function_gen)  # first yield
                            teardowns.append(function_gen)
                        except StopIteration:
                            _raise_wrapfail(function_gen, "did not yield")
                    else:
                        res = hook_impl.function(*args)
                        if res is not None:
                            results.append(res)
                            if firstresult:  # halt further impl calls
                                break
            except BaseException as exc:
                exception = exc
        finally:
            if firstresult:  # first result hooks return a single value
                result = results[0] if results else None
            else:
                result = results
    
            # run all wrapper post-yield blocks
            for teardown in reversed(teardowns):
                try:
                    if exception is not None:
                        try:
>                           teardown.throw(exception)

/opt/venv/lib/python3.12/site-packages/pluggy/_callers.py:139: 
_ _ _ _ _ _ _ _ _ _ _ _ _ _ _ _ _ _ _ _ _ _ _ _ _ _ _ _ _ _ _ _ _ _ _ _ _ _ _ _ 

hook_impl = <HookImpl plugin_name='LogSectionStart', plugin=<tests.common.plugins.log_section_start.LogSectionStartPlugin object at 0x707722410bf0>>
hook_name = 'pytest_runtest_setup'
args = [<Function test_vlan_tc3_send_invalid_vid>]

    def run_old_style_hookwrapper(
        hook_impl: HookImpl, hook_name: str, args: Sequence[object]
    ) -> Teardown:
        """
        backward compatibility wrapper to run a old style hookwrapper as a wrapper
        """
    
        teardown: Teardown = cast(Teardown, hook_impl.function(*args))
        try:
            next(teardown)
        except StopIteration:
            _raise_wrapfail(teardown, "did not yield")
        try:
            res = yield
            result = Result(res, None)
        except BaseException as exc:
            result = Result(None, exc)
        try:
            teardown.send(result)
        except StopIteration:
            pass
        except BaseException as e:
            _warn_teardown_exception(hook_name, hook_impl, e)
            raise
        else:
            _raise_wrapfail(teardown, "has second yield")
        finally:
            teardown.close()
>       return result.get_result()
               ^^^^^^^^^^^^^^^^^^^

/opt/venv/lib/python3.12/site-packages/pluggy/_callers.py:53: 
_ _ _ _ _ _ _ _ _ _ _ _ _ _ _ _ _ _ _ _ _ _ _ _ _ _ _ _ _ _ _ _ _ _ _ _ _ _ _ _ 

self = <pluggy._result.Result object at 0x7077222c4640>

    def get_result(self) -> ResultType:
        """Get the result(s) for this hook call.
    
        If the hook was marked as a ``firstresult`` only a single value
        will be returned, otherwise a list of results.
        """
        __tracebackhide__ = True
        exc = self._exception
        tb = self._traceback
        if exc is None:
            return cast(ResultType, self._result)
        else:
>           raise exc.with_traceback(tb)

/opt/venv/lib/python3.12/site-packages/pluggy/_result.py:103: 
_ _ _ _ _ _ _ _ _ _ _ _ _ _ _ _ _ _ _ _ _ _ _ _ _ _ _ _ _ _ _ _ _ _ _ _ _ _ _ _ 

hook_impl = <HookImpl plugin_name='LogSectionStart', plugin=<tests.common.plugins.log_section_start.LogSectionStartPlugin object at 0x707722410bf0>>
hook_name = 'pytest_runtest_setup'
args = [<Function test_vlan_tc3_send_invalid_vid>]

    def run_old_style_hookwrapper(
        hook_impl: HookImpl, hook_name: str, args: Sequence[object]
    ) -> Teardown:
        """
        backward compatibility wrapper to run a old style hookwrapper as a wrapper
        """
    
        teardown: Teardown = cast(Teardown, hook_impl.function(*args))
        try:
            next(teardown)
        except StopIteration:
            _raise_wrapfail(teardown, "did not yield")
        try:
>           res = yield
                  ^^^^^

/opt/venv/lib/python3.12/site-packages/pluggy/_callers.py:38: 
_ _ _ _ _ _ _ _ _ _ _ _ _ _ _ _ _ _ _ _ _ _ _ _ _ _ _ _ _ _ _ _ _ _ _ _ _ _ _ _ 

hook_name = 'pytest_runtest_setup'
hook_impls = [<HookImpl plugin_name='tests.common.plugins.memory_utilization', plugin=<module 'tests.common.plugins.memory_utilizat... 'tests.common.plugins.custom_markers' from '/var/src/SonicMmt/tests/common/plugins/custom_markers/__init__.py'>>, ...]
caller_kwargs = {'item': <Function test_vlan_tc3_send_invalid_vid>}
firstresult = False

    def _multicall(
        hook_name: str,
        hook_impls: Sequence[HookImpl],
        caller_kwargs: Mapping[str, object],
        firstresult: bool,
    ) -> object | list[object]:
        """Execute a call into multiple python functions/methods and return the
        result(s).
    
        ``caller_kwargs`` comes from HookCaller.__call__().
        """
        __tracebackhide__ = True
        results: list[object] = []
        exception = None
        try:  # run impl and wrapper setup functions in a loop
            teardowns: list[Teardown] = []
            try:
                for hook_impl in reversed(hook_impls):
                    try:
                        args = [caller_kwargs[argname] for argname in hook_impl.argnames]
                    except KeyError as e:
                        # coverage bug - this is tested
                        for argname in hook_impl.argnames:  # pragma: no cover
                            if argname not in caller_kwargs:
                                raise HookCallError(
                                    f"hook call must provide argument {argname!r}"
                                ) from e
    
                    if hook_impl.hookwrapper:
                        function_gen = run_old_style_hookwrapper(hook_impl, hook_name, args)
    
                        next(function_gen)  # first yield
                        teardowns.append(function_gen)
    
                    elif hook_impl.wrapper:
                        try:
                            # If this cast is not valid, a type error is raised below,
                            # which is the desired response.
                            res = hook_impl.function(*args)
                            function_gen = cast(Generator[None, object, object], res)
                            next(function_gen)  # first yield
                            teardowns.append(function_gen)
                        except StopIteration:
                            _raise_wrapfail(function_gen, "did not yield")
                    else:
                        res = hook_impl.function(*args)
                        if res is not None:
                            results.append(res)
                            if firstresult:  # halt further impl calls
                                break
            except BaseException as exc:
                exception = exc
        finally:
            if firstresult:  # first result hooks return a single value
                result = results[0] if results else None
            else:
                result = results
    
            # run all wrapper post-yield blocks
            for teardown in reversed(teardowns):
                try:
                    if exception is not None:
                        try:
>                           teardown.throw(exception)

/opt/venv/lib/python3.12/site-packages/pluggy/_callers.py:139: 
_ _ _ _ _ _ _ _ _ _ _ _ _ _ _ _ _ _ _ _ _ _ _ _ _ _ _ _ _ _ _ _ _ _ _ _ _ _ _ _ 

self = <_pytest.logging.LoggingPlugin object at 0x707723567650>
item = <Function test_vlan_tc3_send_invalid_vid>

    @hookimpl(wrapper=True)
    def pytest_runtest_setup(self, item: nodes.Item) -> Generator[None]:
        self.log_cli_handler.set_when("setup")
    
        empty: dict[str, list[logging.LogRecord]] = {}
        item.stash[caplog_records_key] = empty
        with self._runtest_for(item, "setup"):
>           yield

/opt/venv/lib/python3.12/site-packages/_pytest/logging.py:843: 
_ _ _ _ _ _ _ _ _ _ _ _ _ _ _ _ _ _ _ _ _ _ _ _ _ _ _ _ _ _ _ _ _ _ _ _ _ _ _ _ 

hook_name = 'pytest_runtest_setup'
hook_impls = [<HookImpl plugin_name='tests.common.plugins.memory_utilization', plugin=<module 'tests.common.plugins.memory_utilizat... 'tests.common.plugins.custom_markers' from '/var/src/SonicMmt/tests/common/plugins/custom_markers/__init__.py'>>, ...]
caller_kwargs = {'item': <Function test_vlan_tc3_send_invalid_vid>}
firstresult = False

    def _multicall(
        hook_name: str,
        hook_impls: Sequence[HookImpl],
        caller_kwargs: Mapping[str, object],
        firstresult: bool,
    ) -> object | list[object]:
        """Execute a call into multiple python functions/methods and return the
        result(s).
    
        ``caller_kwargs`` comes from HookCaller.__call__().
        """
        __tracebackhide__ = True
        results: list[object] = []
        exception = None
        try:  # run impl and wrapper setup functions in a loop
            teardowns: list[Teardown] = []
            try:
                for hook_impl in reversed(hook_impls):
                    try:
                        args = [caller_kwargs[argname] for argname in hook_impl.argnames]
                    except KeyError as e:
                        # coverage bug - this is tested
                        for argname in hook_impl.argnames:  # pragma: no cover
                            if argname not in caller_kwargs:
                                raise HookCallError(
                                    f"hook call must provide argument {argname!r}"
                                ) from e
    
                    if hook_impl.hookwrapper:
                        function_gen = run_old_style_hookwrapper(hook_impl, hook_name, args)
    
                        next(function_gen)  # first yield
                        teardowns.append(function_gen)
    
                    elif hook_impl.wrapper:
                        try:
                            # If this cast is not valid, a type error is raised below,
                            # which is the desired response.
                            res = hook_impl.function(*args)
                            function_gen = cast(Generator[None, object, object], res)
                            next(function_gen)  # first yield
                            teardowns.append(function_gen)
                        except StopIteration:
                            _raise_wrapfail(function_gen, "did not yield")
                    else:
                        res = hook_impl.function(*args)
                        if res is not None:
                            results.append(res)
                            if firstresult:  # halt further impl calls
                                break
            except BaseException as exc:
                exception = exc
        finally:
            if firstresult:  # first result hooks return a single value
                result = results[0] if results else None
            else:
                result = results
    
            # run all wrapper post-yield blocks
            for teardown in reversed(teardowns):
                try:
                    if exception is not None:
                        try:
>                           teardown.throw(exception)

/opt/venv/lib/python3.12/site-packages/pluggy/_callers.py:139: 
_ _ _ _ _ _ _ _ _ _ _ _ _ _ _ _ _ _ _ _ _ _ _ _ _ _ _ _ _ _ _ _ _ _ _ _ _ _ _ _ 

item = <Function test_vlan_tc3_send_invalid_vid>

    @pytest.hookimpl(wrapper=True)
    def pytest_runtest_setup(item):
        """
        HOOK: Runs once BEFORE every fixture setup.
        Reset the parallel manager from the previous test (deferred from
        pytest_runtest_teardown so that pytest_runtest_logreport fires first),
        then reorder the setup/teardown barriers to ensure barriers run after
        ALL fixtures of the same scope.
        """
        parallel_manager = _PARALLEL_MANAGER
        if parallel_manager and parallel_manager.terminated:
            parallel_manager.reset()
            parallel_manager.current_scope = TaskScope.SESSION
    
        logging.debug("[Parallel Fixture] Setup barrier fixtures")
    
        barriers = {
            TaskScope.SESSION.value: ["teardown_barrier_session",
                                      "setup_barrier_session"],
            TaskScope.MODULE.value: ["teardown_barrier_module",
                                     "setup_barrier_module"],
            TaskScope.CLASS.value: ["teardown_barrier_class",
                                    "setup_barrier_class"],
            TaskScope.FUNCTION.value: ["teardown_barrier_function",
                                       "setup_barrier_function"]
        }
        fixtureinfo = item._fixtureinfo
        current_fixture_names = fixtureinfo.names_closure[:]
    
        logging.debug("[Parallel Fixture] Fixture order before:\n%s", current_fixture_names)
    
        for fixtures in barriers.values():
            for fixture in fixtures:
                if fixture in current_fixture_names:
                    current_fixture_names.remove(fixture)
        current_fixture_scopes = []
        for fixture in current_fixture_names:
            fixture_defs = fixtureinfo.name2fixturedefs.get(fixture, [])
            if not fixture_defs:
                fixture_scope = current_fixture_scopes[-1] \
                    if current_fixture_scopes else TaskScope.SESSION.value
            else:
                try:
                    fixture_scope = TaskScope[fixture_defs[0].scope.upper()].value
                except Exception:
                    logging.debug("[Parallel Fixture] Unknown fixture scope for %r,"
                                  "default to previous scope", fixture_defs)
                    fixture_scope = current_fixture_scopes[-1] \
                        if current_fixture_scopes else TaskScope.SESSION.value
            current_fixture_scopes.append(fixture_scope)
    
        # NOTE: Inject the barriers to ensure they are running last
        # in the fixtures of the same scope.
        for scope, fixtures in barriers.items():
            for fixture in fixtures:
                if fixture.startswith("setup"):
                    insert_pos = bisect.bisect_right(current_fixture_scopes, scope)
                    current_fixture_names.insert(insert_pos, fixture)
                    current_fixture_scopes.insert(insert_pos, scope)
                if fixture.startswith("teardown"):
                    insert_pos = bisect.bisect_left(current_fixture_scopes, scope)
                    current_fixture_names.insert(insert_pos, fixture)
                    current_fixture_scopes.insert(insert_pos, scope)
    
        logging.debug("[Parallel Fixture] Fixture order after:\n%s", current_fixture_names)
        fixtureinfo.names_closure[:] = current_fixture_names
    
>       yield

tests/common/plugins/parallel_fixture/__init__.py:616: 
_ _ _ _ _ _ _ _ _ _ _ _ _ _ _ _ _ _ _ _ _ _ _ _ _ _ _ _ _ _ _ _ _ _ _ _ _ _ _ _ 

hook_name = 'pytest_runtest_setup'
hook_impls = [<HookImpl plugin_name='tests.common.plugins.memory_utilization', plugin=<module 'tests.common.plugins.memory_utilizat... 'tests.common.plugins.custom_markers' from '/var/src/SonicMmt/tests/common/plugins/custom_markers/__init__.py'>>, ...]
caller_kwargs = {'item': <Function test_vlan_tc3_send_invalid_vid>}
firstresult = False

    def _multicall(
        hook_name: str,
        hook_impls: Sequence[HookImpl],
        caller_kwargs: Mapping[str, object],
        firstresult: bool,
    ) -> object | list[object]:
        """Execute a call into multiple python functions/methods and return the
        result(s).
    
        ``caller_kwargs`` comes from HookCaller.__call__().
        """
        __tracebackhide__ = True
        results: list[object] = []
        exception = None
        try:  # run impl and wrapper setup functions in a loop
            teardowns: list[Teardown] = []
            try:
                for hook_impl in reversed(hook_impls):
                    try:
                        args = [caller_kwargs[argname] for argname in hook_impl.argnames]
                    except KeyError as e:
                        # coverage bug - this is tested
                        for argname in hook_impl.argnames:  # pragma: no cover
                            if argname not in caller_kwargs:
                                raise HookCallError(
                                    f"hook call must provide argument {argname!r}"
                                ) from e
    
                    if hook_impl.hookwrapper:
                        function_gen = run_old_style_hookwrapper(hook_impl, hook_name, args)
    
                        next(function_gen)  # first yield
                        teardowns.append(function_gen)
    
                    elif hook_impl.wrapper:
                        try:
                            # If this cast is not valid, a type error is raised below,
                            # which is the desired response.
                            res = hook_impl.function(*args)
                            function_gen = cast(Generator[None, object, object], res)
                            next(function_gen)  # first yield
                            teardowns.append(function_gen)
                        except StopIteration:
                            _raise_wrapfail(function_gen, "did not yield")
                    else:
                        res = hook_impl.function(*args)
                        if res is not None:
                            results.append(res)
                            if firstresult:  # halt further impl calls
                                break
            except BaseException as exc:
                exception = exc
        finally:
            if firstresult:  # first result hooks return a single value
                result = results[0] if results else None
            else:
                result = results
    
            # run all wrapper post-yield blocks
            for teardown in reversed(teardowns):
                try:
                    if exception is not None:
                        try:
>                           teardown.throw(exception)

/opt/venv/lib/python3.12/site-packages/pluggy/_callers.py:139: 
_ _ _ _ _ _ _ _ _ _ _ _ _ _ _ _ _ _ _ _ _ _ _ _ _ _ _ _ _ _ _ _ _ _ _ _ _ _ _ _ 

self = <CaptureManager _method='no' _global_capturing=<MultiCapture out=None err=None in_=None _state='suspended' _in_suspended=False> _capture_fixture=None>
item = <Function test_vlan_tc3_send_invalid_vid>

    @hookimpl(wrapper=True)
    def pytest_runtest_setup(self, item: Item) -> Generator[None]:
        with self.item_capture("setup", item):
>           return (yield)
                    ^^^^^

/opt/venv/lib/python3.12/site-packages/_pytest/capture.py:895: 
_ _ _ _ _ _ _ _ _ _ _ _ _ _ _ _ _ _ _ _ _ _ _ _ _ _ _ _ _ _ _ _ _ _ _ _ _ _ _ _ 

hook_name = 'pytest_runtest_setup'
hook_impls = [<HookImpl plugin_name='tests.common.plugins.memory_utilization', plugin=<module 'tests.common.plugins.memory_utilizat... 'tests.common.plugins.custom_markers' from '/var/src/SonicMmt/tests/common/plugins/custom_markers/__init__.py'>>, ...]
caller_kwargs = {'item': <Function test_vlan_tc3_send_invalid_vid>}
firstresult = False

    def _multicall(
        hook_name: str,
        hook_impls: Sequence[HookImpl],
        caller_kwargs: Mapping[str, object],
        firstresult: bool,
    ) -> object | list[object]:
        """Execute a call into multiple python functions/methods and return the
        result(s).
    
        ``caller_kwargs`` comes from HookCaller.__call__().
        """
        __tracebackhide__ = True
        results: list[object] = []
        exception = None
        try:  # run impl and wrapper setup functions in a loop
            teardowns: list[Teardown] = []
            try:
                for hook_impl in reversed(hook_impls):
                    try:
                        args = [caller_kwargs[argname] for argname in hook_impl.argnames]
                    except KeyError as e:
                        # coverage bug - this is tested
                        for argname in hook_impl.argnames:  # pragma: no cover
                            if argname not in caller_kwargs:
                                raise HookCallError(
                                    f"hook call must provide argument {argname!r}"
                                ) from e
    
                    if hook_impl.hookwrapper:
                        function_gen = run_old_style_hookwrapper(hook_impl, hook_name, args)
    
                        next(function_gen)  # first yield
                        teardowns.append(function_gen)
    
                    elif hook_impl.wrapper:
                        try:
                            # If this cast is not valid, a type error is raised below,
                            # which is the desired response.
                            res = hook_impl.function(*args)
                            function_gen = cast(Generator[None, object, object], res)
                            next(function_gen)  # first yield
                            teardowns.append(function_gen)
                        except StopIteration:
                            _raise_wrapfail(function_gen, "did not yield")
                    else:
>                       res = hook_impl.function(*args)
                              ^^^^^^^^^^^^^^^^^^^^^^^^^

/opt/venv/lib/python3.12/site-packages/pluggy/_callers.py:121: 
_ _ _ _ _ _ _ _ _ _ _ _ _ _ _ _ _ _ _ _ _ _ _ _ _ _ _ _ _ _ _ _ _ _ _ _ _ _ _ _ 

item = <Function test_vlan_tc3_send_invalid_vid>

    def pytest_runtest_setup(item: Item) -> None:
        _update_current_test_var(item, "setup")
>       item.session._setupstate.setup(item)

/opt/venv/lib/python3.12/site-packages/_pytest/runner.py:165: 
_ _ _ _ _ _ _ _ _ _ _ _ _ _ _ _ _ _ _ _ _ _ _ _ _ _ _ _ _ _ _ _ _ _ _ _ _ _ _ _ 

self = <_pytest.runner.SetupState object at 0x707722411670>
item = <Function test_vlan_tc3_send_invalid_vid>

    def setup(self, item: Item) -> None:
        """Setup objects along the collector chain to the item."""
        needed_collectors = item.listchain()
    
        # If a collector fails its setup, fail its entire subtree of items.
        # The setup is not retried for each item - the same exception is used.
        for col, (finalizers, exc) in self.stack.items():
            assert col in needed_collectors, "previous item was not torn down properly"
            if exc:
                raise exc[0].with_traceback(exc[1])
    
        for col in needed_collectors[len(self.stack) :]:
            assert col not in self.stack
            # Push onto the stack.
            self.stack[col] = ([col.teardown], None)
            try:
>               col.setup()

/opt/venv/lib/python3.12/site-packages/_pytest/runner.py:523: 
_ _ _ _ _ _ _ _ _ _ _ _ _ _ _ _ _ _ _ _ _ _ _ _ _ _ _ _ _ _ _ _ _ _ _ _ _ _ _ _ 

self = <Function test_vlan_tc3_send_invalid_vid>

    def setup(self) -> None:
>       self._request._fillfixtures()

/opt/venv/lib/python3.12/site-packages/_pytest/python.py:1723: 
_ _ _ _ _ _ _ _ _ _ _ _ _ _ _ _ _ _ _ _ _ _ _ _ _ _ _ _ _ _ _ _ _ _ _ _ _ _ _ _ 

self = <FixtureRequest for <Function test_vlan_tc3_send_invalid_vid>>

    def _fillfixtures(self) -> None:
        item = self._pyfuncitem
        for argname in item.fixturenames:
            if argname not in item.funcargs:
>               item.funcargs[argname] = self.getfixturevalue(argname)
                                         ^^^^^^^^^^^^^^^^^^^^^^^^^^^^^

/opt/venv/lib/python3.12/site-packages/_pytest/fixtures.py:707: 
_ _ _ _ _ _ _ _ _ _ _ _ _ _ _ _ _ _ _ _ _ _ _ _ _ _ _ _ _ _ _ _ _ _ _ _ _ _ _ _ 

self = <FixtureRequest for <Function test_vlan_tc3_send_invalid_vid>>
argname = 'setup_po2vlan'

    def getfixturevalue(self, argname: str) -> Any:
        """Dynamically run a named fixture function.
    
        Declaring fixtures via function argument is recommended where possible.
        But if you can only decide whether to use another fixture at test
        setup time, you may use this function to retrieve it inside a fixture
        or test function body.
    
        This method can be used during the test setup phase or the test run
        phase, but during the test teardown phase a fixture's value may not
        be available.
    
        :param argname:
            The fixture name.
        :raises pytest.FixtureLookupError:
            If the given fixture could not be found.
        """
        # Note that in addition to the use case described in the docstring,
        # getfixturevalue() is also called by pytest itself during item and fixture
        # setup to evaluate the fixtures that are requested statically
        # (using function parameters, autouse, etc).
    
>       fixturedef = self._get_active_fixturedef(argname)
                     ^^^^^^^^^^^^^^^^^^^^^^^^^^^^^^^^^^^^

/opt/venv/lib/python3.12/site-packages/_pytest/fixtures.py:539: 
_ _ _ _ _ _ _ _ _ _ _ _ _ _ _ _ _ _ _ _ _ _ _ _ _ _ _ _ _ _ _ _ _ _ _ _ _ _ _ _ 

self = <FixtureRequest for <Function test_vlan_tc3_send_invalid_vid>>
argname = 'setup_po2vlan'

    def _get_active_fixturedef(self, argname: str) -> FixtureDef[object]:
        if argname == "request":
            return RequestFixtureDef(self)
    
        # If we already finished computing a fixture by this name in this item,
        # return it.
        fixturedef = self._fixture_defs.get(argname)
        if fixturedef is not None:
            self._check_scope(fixturedef, fixturedef._scope)
            return fixturedef
    
        # Find the appropriate fixturedef.
        fixturedefs = self._arg2fixturedefs.get(argname, None)
        if fixturedefs is None:
            # We arrive here because of a dynamic call to
            # getfixturevalue(argname) which was naturally
            # not known at parsing/collection time.
            fixturedefs = self._fixturemanager.getfixturedefs(argname, self._pyfuncitem)
            if fixturedefs is not None:
                self._arg2fixturedefs[argname] = fixturedefs
        # No fixtures defined with this name.
        if fixturedefs is None:
            raise FixtureLookupError(argname, self)
        # The are no fixtures with this name applicable for the function.
        if not fixturedefs:
            raise FixtureLookupError(argname, self)
    
        # A fixture may override another fixture with the same name, e.g. a
        # fixture in a module can override a fixture in a conftest, a fixture in
        # a class can override a fixture in the module, and so on.
        # An overriding fixture can request its own name (possibly indirectly);
        # in this case it gets the value of the fixture it overrides, one level
        # up.
        # Check how many `argname`s deep we are, and take the next one.
        # `fixturedefs` is sorted from furthest to closest, so use negative
        # indexing to go in reverse.
        index = -1
        for request in self._iter_chain():
            if request.fixturename == argname:
                index -= 1
        # If already consumed all of the available levels, fail.
        if -index > len(fixturedefs):
            raise FixtureLookupError(argname, self)
        fixturedef = fixturedefs[index]
    
        # Prepare a SubRequest object for calling the fixture.
        try:
            callspec = self._pyfuncitem.callspec
        except AttributeError:
            callspec = None
        if callspec is not None and argname in callspec.params:
            param = callspec.params[argname]
            param_index = callspec.indices[argname]
            # The parametrize invocation scope overrides the fixture's scope.
            scope = callspec._arg2scope[argname]
        else:
            param = NOTSET
            param_index = 0
            scope = fixturedef._scope
            self._check_fixturedef_without_param(fixturedef)
        # The parametrize invocation scope only controls caching behavior while
        # allowing wider-scoped fixtures to keep depending on the parametrized
        # fixture. Scope control is enforced for parametrized fixtures
        # by recreating the whole fixture tree on parameter change.
        # Hence `fixturedef._scope`, not `scope`.
        self._check_scope(fixturedef, fixturedef._scope)
        subrequest = SubRequest(
            self, scope, param, param_index, fixturedef, _ispytest=True
        )
    
        # Make sure the fixture value is cached, running it if it isn't
>       fixturedef.execute(request=subrequest)

/opt/venv/lib/python3.12/site-packages/_pytest/fixtures.py:627: 
_ _ _ _ _ _ _ _ _ _ _ _ _ _ _ _ _ _ _ _ _ _ _ _ _ _ _ _ _ _ _ _ _ _ _ _ _ _ _ _ 

self = <FixtureDef argname='setup_po2vlan' scope='module' baseid='tests/vlan/test_vlan.py'>
request = <SubRequest 'setup_po2vlan' for <Function test_vlan_tc3_send_invalid_vid>>

    def execute(self, request: SubRequest) -> FixtureValue:
        """Return the value of this fixture, executing it if not cached."""
        # Ensure that the dependent fixtures requested by this fixture are loaded.
        # This needs to be done before checking if we have a cached value, since
        # if a dependent fixture has their cache invalidated, e.g. due to
        # parametrization, they finalize themselves and fixtures depending on it
        # (which will likely include this fixture) setting `self.cached_result = None`.
        # See #4871
        requested_fixtures_that_should_finalize_us = []
        for argname in self.argnames:
>           fixturedef = request._get_active_fixturedef(argname)
                         ^^^^^^^^^^^^^^^^^^^^^^^^^^^^^^^^^^^^^^^

/opt/venv/lib/python3.12/site-packages/_pytest/fixtures.py:1068: 
_ _ _ _ _ _ _ _ _ _ _ _ _ _ _ _ _ _ _ _ _ _ _ _ _ _ _ _ _ _ _ _ _ _ _ _ _ _ _ _ 

self = <SubRequest 'setup_po2vlan' for <Function test_vlan_tc3_send_invalid_vid>>
argname = 'ptfadapter'

    def _get_active_fixturedef(self, argname: str) -> FixtureDef[object]:
        if argname == "request":
            return RequestFixtureDef(self)
    
        # If we already finished computing a fixture by this name in this item,
        # return it.
        fixturedef = self._fixture_defs.get(argname)
        if fixturedef is not None:
            self._check_scope(fixturedef, fixturedef._scope)
            return fixturedef
    
        # Find the appropriate fixturedef.
        fixturedefs = self._arg2fixturedefs.get(argname, None)
        if fixturedefs is None:
            # We arrive here because of a dynamic call to
            # getfixturevalue(argname) which was naturally
            # not known at parsing/collection time.
            fixturedefs = self._fixturemanager.getfixturedefs(argname, self._pyfuncitem)
            if fixturedefs is not None:
                self._arg2fixturedefs[argname] = fixturedefs
        # No fixtures defined with this name.
        if fixturedefs is None:
            raise FixtureLookupError(argname, self)
        # The are no fixtures with this name applicable for the function.
        if not fixturedefs:
            raise FixtureLookupError(argname, self)
    
        # A fixture may override another fixture with the same name, e.g. a
        # fixture in a module can override a fixture in a conftest, a fixture in
        # a class can override a fixture in the module, and so on.
        # An overriding fixture can request its own name (possibly indirectly);
        # in this case it gets the value of the fixture it overrides, one level
        # up.
        # Check how many `argname`s deep we are, and take the next one.
        # `fixturedefs` is sorted from furthest to closest, so use negative
        # indexing to go in reverse.
        index = -1
        for request in self._iter_chain():
            if request.fixturename == argname:
                index -= 1
        # If already consumed all of the available levels, fail.
        if -index > len(fixturedefs):
            raise FixtureLookupError(argname, self)
        fixturedef = fixturedefs[index]
    
        # Prepare a SubRequest object for calling the fixture.
        try:
            callspec = self._pyfuncitem.callspec
        except AttributeError:
            callspec = None
        if callspec is not None and argname in callspec.params:
            param = callspec.params[argname]
            param_index = callspec.indices[argname]
            # The parametrize invocation scope overrides the fixture's scope.
            scope = callspec._arg2scope[argname]
        else:
            param = NOTSET
            param_index = 0
            scope = fixturedef._scope
            self._check_fixturedef_without_param(fixturedef)
        # The parametrize invocation scope only controls caching behavior while
        # allowing wider-scoped fixtures to keep depending on the parametrized
        # fixture. Scope control is enforced for parametrized fixtures
        # by recreating the whole fixture tree on parameter change.
        # Hence `fixturedef._scope`, not `scope`.
        self._check_scope(fixturedef, fixturedef._scope)
        subrequest = SubRequest(
            self, scope, param, param_index, fixturedef, _ispytest=True
        )
    
        # Make sure the fixture value is cached, running it if it isn't
>       fixturedef.execute(request=subrequest)

/opt/venv/lib/python3.12/site-packages/_pytest/fixtures.py:627: 
_ _ _ _ _ _ _ _ _ _ _ _ _ _ _ _ _ _ _ _ _ _ _ _ _ _ _ _ _ _ _ _ _ _ _ _ _ _ _ _ 

self = <FixtureDef argname='ptfadapter' scope='module' baseid=''>
request = <SubRequest 'ptfadapter' for <Function test_vlan_tc3_send_invalid_vid>>

    def execute(self, request: SubRequest) -> FixtureValue:
        """Return the value of this fixture, executing it if not cached."""
        # Ensure that the dependent fixtures requested by this fixture are loaded.
        # This needs to be done before checking if we have a cached value, since
        # if a dependent fixture has their cache invalidated, e.g. due to
        # parametrization, they finalize themselves and fixtures depending on it
        # (which will likely include this fixture) setting `self.cached_result = None`.
        # See #4871
        requested_fixtures_that_should_finalize_us = []
        for argname in self.argnames:
            fixturedef = request._get_active_fixturedef(argname)
            # Saves requested fixtures in a list so we later can add our finalizer
            # to them, ensuring that if a requested fixture gets torn down we get torn
            # down first. This is generally handled by SetupState, but still currently
            # needed when this fixture is not parametrized but depends on a parametrized
            # fixture.
            requested_fixtures_that_should_finalize_us.append(fixturedef)
    
        # Check for (and return) cached value/exception.
        if self.cached_result is not None:
            request_cache_key = self.cache_key(request)
            cache_key = self.cached_result[1]
            try:
                # Attempt to make a normal == check: this might fail for objects
                # which do not implement the standard comparison (like numpy arrays -- #6497).
                cache_hit = bool(request_cache_key == cache_key)
            except (ValueError, RuntimeError):
                # If the comparison raises, use 'is' as fallback.
                cache_hit = request_cache_key is cache_key
    
            if cache_hit:
                if self.cached_result[2] is not None:
                    exc, exc_tb = self.cached_result[2]
                    raise exc.with_traceback(exc_tb)
                else:
                    return self.cached_result[0]
            # We have a previous but differently parametrized fixture instance
            # so we need to tear it down before creating a new one.
            self.finish(request)
            assert self.cached_result is None
    
        # Add finalizer to requested fixtures we saved previously.
        # We make sure to do this after checking for cached value to avoid
        # adding our finalizer multiple times. (#12135)
        finalizer = functools.partial(self.finish, request=request)
        for parent_fixture in requested_fixtures_that_should_finalize_us:
            parent_fixture.addfinalizer(finalizer)
    
        ihook = request.node.ihook
        try:
            # Setup the fixture, run the code in it, and cache the value
            # in self.cached_result.
>           result: FixtureValue = ihook.pytest_fixture_setup(
                fixturedef=self, request=request
            )

/opt/venv/lib/python3.12/site-packages/_pytest/fixtures.py:1110: 
_ _ _ _ _ _ _ _ _ _ _ _ _ _ _ _ _ _ _ _ _ _ _ _ _ _ _ _ _ _ _ _ _ _ _ _ _ _ _ _ 

self = <HookCaller 'pytest_fixture_setup'>
kwargs = {'fixturedef': <FixtureDef argname='ptfadapter' scope='module' baseid=''>, 'request': <SubRequest 'ptfadapter' for <Function test_vlan_tc3_send_invalid_vid>>}
firstresult = True

    def __call__(self, **kwargs: object) -> Any:
        """Call the hook.
    
        Only accepts keyword arguments, which should match the hook
        specification.
    
        Returns the result(s) of calling all registered plugins, see
        :ref:`calling`.
        """
        assert not self.is_historic(), (
            "Cannot directly call a historic hook - use call_historic instead."
        )
        self._verify_all_args_are_provided(kwargs)
        firstresult = self.spec.opts.get("firstresult", False) if self.spec else False
        # Copy because plugins may register other plugins during iteration (#438).
>       return self._hookexec(self.name, self._hookimpls.copy(), kwargs, firstresult)
               ^^^^^^^^^^^^^^^^^^^^^^^^^^^^^^^^^^^^^^^^^^^^^^^^^^^^^^^^^^^^^^^^^^^^^^

/opt/venv/lib/python3.12/site-packages/pluggy/_hooks.py:512: 
_ _ _ _ _ _ _ _ _ _ _ _ _ _ _ _ _ _ _ _ _ _ _ _ _ _ _ _ _ _ _ _ _ _ _ _ _ _ _ _ 

self = <_pytest.config.PytestPluginManager object at 0x707729fcbd40>
hook_name = 'pytest_fixture_setup'
methods = [<HookImpl plugin_name='fixtures', plugin=<module '_pytest.fixtures' from '/opt/venv/lib/python3.12/site-packages/_pyt...e='setuponly', plugin=<module '_pytest.setuponly' from '/opt/venv/lib/python3.12/site-packages/_pytest/setuponly.py'>>]
kwargs = {'fixturedef': <FixtureDef argname='ptfadapter' scope='module' baseid=''>, 'request': <SubRequest 'ptfadapter' for <Function test_vlan_tc3_send_invalid_vid>>}
firstresult = True

    def _hookexec(
        self,
        hook_name: str,
        methods: Sequence[HookImpl],
        kwargs: Mapping[str, object],
        firstresult: bool,
    ) -> object | list[object]:
        # called from all hookcaller instances.
        # enable_tracing will set its own wrapping function at self._inner_hookexec
>       return self._inner_hookexec(hook_name, methods, kwargs, firstresult)
               ^^^^^^^^^^^^^^^^^^^^^^^^^^^^^^^^^^^^^^^^^^^^^^^^^^^^^^^^^^^^^

/opt/venv/lib/python3.12/site-packages/pluggy/_manager.py:120: 
_ _ _ _ _ _ _ _ _ _ _ _ _ _ _ _ _ _ _ _ _ _ _ _ _ _ _ _ _ _ _ _ _ _ _ _ _ _ _ _ 

hook_name = 'pytest_fixture_setup'
hook_impls = [<HookImpl plugin_name='fixtures', plugin=<module '_pytest.fixtures' from '/opt/venv/lib/python3.12/site-packages/_pyt...e='setuponly', plugin=<module '_pytest.setuponly' from '/opt/venv/lib/python3.12/site-packages/_pytest/setuponly.py'>>]
caller_kwargs = {'fixturedef': <FixtureDef argname='ptfadapter' scope='module' baseid=''>, 'request': <SubRequest 'ptfadapter' for <Function test_vlan_tc3_send_invalid_vid>>}
firstresult = True

    def _multicall(
        hook_name: str,
        hook_impls: Sequence[HookImpl],
        caller_kwargs: Mapping[str, object],
        firstresult: bool,
    ) -> object | list[object]:
        """Execute a call into multiple python functions/methods and return the
        result(s).
    
        ``caller_kwargs`` comes from HookCaller.__call__().
        """
        __tracebackhide__ = True
        results: list[object] = []
        exception = None
        try:  # run impl and wrapper setup functions in a loop
            teardowns: list[Teardown] = []
            try:
                for hook_impl in reversed(hook_impls):
                    try:
                        args = [caller_kwargs[argname] for argname in hook_impl.argnames]
                    except KeyError as e:
                        # coverage bug - this is tested
                        for argname in hook_impl.argnames:  # pragma: no cover
                            if argname not in caller_kwargs:
                                raise HookCallError(
                                    f"hook call must provide argument {argname!r}"
                                ) from e
    
                    if hook_impl.hookwrapper:
                        function_gen = run_old_style_hookwrapper(hook_impl, hook_name, args)
    
                        next(function_gen)  # first yield
                        teardowns.append(function_gen)
    
                    elif hook_impl.wrapper:
                        try:
                            # If this cast is not valid, a type error is raised below,
                            # which is the desired response.
                            res = hook_impl.function(*args)
                            function_gen = cast(Generator[None, object, object], res)
                            next(function_gen)  # first yield
                            teardowns.append(function_gen)
                        except StopIteration:
                            _raise_wrapfail(function_gen, "did not yield")
                    else:
                        res = hook_impl.function(*args)
                        if res is not None:
                            results.append(res)
                            if firstresult:  # halt further impl calls
                                break
            except BaseException as exc:
                exception = exc
        finally:
            if firstresult:  # first result hooks return a single value
                result = results[0] if results else None
            else:
                result = results
    
            # run all wrapper post-yield blocks
            for teardown in reversed(teardowns):
                try:
                    if exception is not None:
                        try:
                            teardown.throw(exception)
                        except RuntimeError as re:
                            # StopIteration from generator causes RuntimeError
                            # even for coroutine usage - see #544
                            if (
                                isinstance(exception, StopIteration)
                                and re.__cause__ is exception
                            ):
                                teardown.close()
                                continue
                            else:
                                raise
                    else:
                        teardown.send(result)
                    # Following is unreachable for a well behaved hook wrapper.
                    # Try to force finalizers otherwise postponed till GC action.
                    # Note: close() may raise if generator handles GeneratorExit.
                    teardown.close()
                except StopIteration as si:
                    result = si.value
                    exception = None
                    continue
                except BaseException as e:
                    exception = e
                    continue
                _raise_wrapfail(teardown, "has second yield")
    
        if exception is not None:
>           raise exception

/opt/venv/lib/python3.12/site-packages/pluggy/_callers.py:167: 
_ _ _ _ _ _ _ _ _ _ _ _ _ _ _ _ _ _ _ _ _ _ _ _ _ _ _ _ _ _ _ _ _ _ _ _ _ _ _ _ 

hook_name = 'pytest_fixture_setup'
hook_impls = [<HookImpl plugin_name='fixtures', plugin=<module '_pytest.fixtures' from '/opt/venv/lib/python3.12/site-packages/_pyt...e='setuponly', plugin=<module '_pytest.setuponly' from '/opt/venv/lib/python3.12/site-packages/_pytest/setuponly.py'>>]
caller_kwargs = {'fixturedef': <FixtureDef argname='ptfadapter' scope='module' baseid=''>, 'request': <SubRequest 'ptfadapter' for <Function test_vlan_tc3_send_invalid_vid>>}
firstresult = True

    def _multicall(
        hook_name: str,
        hook_impls: Sequence[HookImpl],
        caller_kwargs: Mapping[str, object],
        firstresult: bool,
    ) -> object | list[object]:
        """Execute a call into multiple python functions/methods and return the
        result(s).
    
        ``caller_kwargs`` comes from HookCaller.__call__().
        """
        __tracebackhide__ = True
        results: list[object] = []
        exception = None
        try:  # run impl and wrapper setup functions in a loop
            teardowns: list[Teardown] = []
            try:
                for hook_impl in reversed(hook_impls):
                    try:
                        args = [caller_kwargs[argname] for argname in hook_impl.argnames]
                    except KeyError as e:
                        # coverage bug - this is tested
                        for argname in hook_impl.argnames:  # pragma: no cover
                            if argname not in caller_kwargs:
                                raise HookCallError(
                                    f"hook call must provide argument {argname!r}"
                                ) from e
    
                    if hook_impl.hookwrapper:
                        function_gen = run_old_style_hookwrapper(hook_impl, hook_name, args)
    
                        next(function_gen)  # first yield
                        teardowns.append(function_gen)
    
                    elif hook_impl.wrapper:
                        try:
                            # If this cast is not valid, a type error is raised below,
                            # which is the desired response.
                            res = hook_impl.function(*args)
                            function_gen = cast(Generator[None, object, object], res)
                            next(function_gen)  # first yield
                            teardowns.append(function_gen)
                        except StopIteration:
                            _raise_wrapfail(function_gen, "did not yield")
                    else:
                        res = hook_impl.function(*args)
                        if res is not None:
                            results.append(res)
                            if firstresult:  # halt further impl calls
                                break
            except BaseException as exc:
                exception = exc
        finally:
            if firstresult:  # first result hooks return a single value
                result = results[0] if results else None
            else:
                result = results
    
            # run all wrapper post-yield blocks
            for teardown in reversed(teardowns):
                try:
                    if exception is not None:
                        try:
>                           teardown.throw(exception)

/opt/venv/lib/python3.12/site-packages/pluggy/_callers.py:139: 
_ _ _ _ _ _ _ _ _ _ _ _ _ _ _ _ _ _ _ _ _ _ _ _ _ _ _ _ _ _ _ _ _ _ _ _ _ _ _ _ 

fixturedef = <FixtureDef argname='ptfadapter' scope='module' baseid=''>
request = <SubRequest 'ptfadapter' for <Function test_vlan_tc3_send_invalid_vid>>

    @pytest.hookimpl(wrapper=True)
    def pytest_fixture_setup(
        fixturedef: FixtureDef[object], request: SubRequest
    ) -> Generator[None, object, object]:
        try:
>           return (yield)
                    ^^^^^

/opt/venv/lib/python3.12/site-packages/_pytest/setuponly.py:36: 
_ _ _ _ _ _ _ _ _ _ _ _ _ _ _ _ _ _ _ _ _ _ _ _ _ _ _ _ _ _ _ _ _ _ _ _ _ _ _ _ 

hook_name = 'pytest_fixture_setup'
hook_impls = [<HookImpl plugin_name='fixtures', plugin=<module '_pytest.fixtures' from '/opt/venv/lib/python3.12/site-packages/_pyt...e='setuponly', plugin=<module '_pytest.setuponly' from '/opt/venv/lib/python3.12/site-packages/_pytest/setuponly.py'>>]
caller_kwargs = {'fixturedef': <FixtureDef argname='ptfadapter' scope='module' baseid=''>, 'request': <SubRequest 'ptfadapter' for <Function test_vlan_tc3_send_invalid_vid>>}
firstresult = True

    def _multicall(
        hook_name: str,
        hook_impls: Sequence[HookImpl],
        caller_kwargs: Mapping[str, object],
        firstresult: bool,
    ) -> object | list[object]:
        """Execute a call into multiple python functions/methods and return the
        result(s).
    
        ``caller_kwargs`` comes from HookCaller.__call__().
        """
        __tracebackhide__ = True
        results: list[object] = []
        exception = None
        try:  # run impl and wrapper setup functions in a loop
            teardowns: list[Teardown] = []
            try:
                for hook_impl in reversed(hook_impls):
                    try:
                        args = [caller_kwargs[argname] for argname in hook_impl.argnames]
                    except KeyError as e:
                        # coverage bug - this is tested
                        for argname in hook_impl.argnames:  # pragma: no cover
                            if argname not in caller_kwargs:
                                raise HookCallError(
                                    f"hook call must provide argument {argname!r}"
                                ) from e
    
                    if hook_impl.hookwrapper:
                        function_gen = run_old_style_hookwrapper(hook_impl, hook_name, args)
    
                        next(function_gen)  # first yield
                        teardowns.append(function_gen)
    
                    elif hook_impl.wrapper:
                        try:
                            # If this cast is not valid, a type error is raised below,
                            # which is the desired response.
                            res = hook_impl.function(*args)
                            function_gen = cast(Generator[None, object, object], res)
                            next(function_gen)  # first yield
                            teardowns.append(function_gen)
                        except StopIteration:
                            _raise_wrapfail(function_gen, "did not yield")
                    else:
>                       res = hook_impl.function(*args)
                              ^^^^^^^^^^^^^^^^^^^^^^^^^

/opt/venv/lib/python3.12/site-packages/pluggy/_callers.py:121: 
_ _ _ _ _ _ _ _ _ _ _ _ _ _ _ _ _ _ _ _ _ _ _ _ _ _ _ _ _ _ _ _ _ _ _ _ _ _ _ _ 

fixturedef = <FixtureDef argname='ptfadapter' scope='module' baseid=''>
request = <SubRequest 'ptfadapter' for <Function test_vlan_tc3_send_invalid_vid>>

    def pytest_fixture_setup(
        fixturedef: FixtureDef[FixtureValue], request: SubRequest
    ) -> FixtureValue:
        """Execution of fixture setup."""
        kwargs = {}
        for argname in fixturedef.argnames:
            kwargs[argname] = request.getfixturevalue(argname)
    
        fixturefunc = resolve_fixture_function(fixturedef, request)
        my_cache_key = fixturedef.cache_key(request)
    
        if inspect.isasyncgenfunction(fixturefunc) or inspect.iscoroutinefunction(
            fixturefunc
        ):
            auto_str = " with autouse=True" if fixturedef._autouse else ""
    
            warnings.warn(
                PytestRemovedIn9Warning(
                    f"{request.node.name!r} requested an async fixture "
                    f"{request.fixturename!r}{auto_str}, with no plugin or hook that "
                    "handled it. This is usually an error, as pytest does not natively "
                    "support it. "
                    "This will turn into an error in pytest 9.\n"
                    "See: https://docs.pytest.org/en/stable/deprecations.html#sync-test-depending-on-async-fixture"
                ),
                # no stacklevel will point at users code, so we just point here
                stacklevel=1,
            )
    
        try:
>           result = call_fixture_func(fixturefunc, request, kwargs)
                     ^^^^^^^^^^^^^^^^^^^^^^^^^^^^^^^^^^^^^^^^^^^^^^^

/opt/venv/lib/python3.12/site-packages/_pytest/fixtures.py:1202: 
_ _ _ _ _ _ _ _ _ _ _ _ _ _ _ _ _ _ _ _ _ _ _ _ _ _ _ _ _ _ _ _ _ _ _ _ _ _ _ _ 

fixturefunc = <function ptfadapter at 0x707723216660>
request = <SubRequest 'ptfadapter' for <Function test_vlan_tc3_send_invalid_vid>>
kwargs = {'duthost': <MultiAsicSonicHost sm100-109>, 'ptfhosts': [<tests.common.devices.ptf.PTFHost object at 0x707722123e60>],... {'comment': 'simple testbed', 'conf-name': 'sm109-testbed', 'duts': ['sm100-109'], 'duts_map': {'sm100-109': 0}, ...}}

    def call_fixture_func(
        fixturefunc: _FixtureFunc[FixtureValue], request: FixtureRequest, kwargs
    ) -> FixtureValue:
        if inspect.isgeneratorfunction(fixturefunc):
            fixturefunc = cast(Callable[..., Generator[FixtureValue]], fixturefunc)
            generator = fixturefunc(**kwargs)
            try:
>               fixture_result = next(generator)
                                 ^^^^^^^^^^^^^^^

/opt/venv/lib/python3.12/site-packages/_pytest/fixtures.py:908: 
_ _ _ _ _ _ _ _ _ _ _ _ _ _ _ _ _ _ _ _ _ _ _ _ _ _ _ _ _ _ _ _ _ _ _ _ _ _ _ _ 

ptfhosts = [<tests.common.devices.ptf.PTFHost object at 0x707722123e60>]
tbinfo = {'comment': 'simple testbed', 'conf-name': 'sm109-testbed', 'duts': ['sm100-109'], 'duts_map': {'sm100-109': 0}, ...}
request = <SubRequest 'ptfadapter' for <Function test_vlan_tc3_send_invalid_vid>>
duthost = <MultiAsicSonicHost sm100-109>

    @pytest.fixture(scope='module')
    def ptfadapter(ptfhosts, tbinfo, request, duthost):
        """return ptf test adapter object.
        The fixture is module scope, because usually there is not need to
        restart PTF nn agent and reinitialize data plane thread on every
        test class or test function/method. Session scope should also be Ok,
        however if something goes really wrong in one test module it is safer
        to restart PTF before proceeding running other test modules
        """
        # get ptf port mapping mode
        if 'backend' in tbinfo['topo']['name']:
            ptf_port_mapping_mode = getattr(request.module, "PTF_PORT_MAPPING_MODE",
                                            constants.PTF_PORT_MAPPING_MODE_DEFAULT)
        else:
            ptf_port_mapping_mode = 'use_orig_interface'
    
        def start_ptf_nn_agent(device_num):
            for i in range(MAX_RETRY_TIME):
                ptf_nn_port = random.randint(*DEFAULT_PTF_NN_PORT_RANGE)
    
                # generate supervisor configuration for ptf_nn_agent
                ptfhost.host.options['variable_manager'].extra_vars.update({
                    'device_num': device_num,
                    'ptf_nn_port': ptf_nn_port,
                    'ifaces_map': ifaces_map,
                })
                current_file_dir = os.path.dirname(os.path.realpath(__file__))
                ptfhost.template(src=os.path.join(current_file_dir, 'templates/ptf_nn_agent.conf.ptf.j2'),
                                 dest='/etc/supervisor/conf.d/ptf_nn_agent.conf')
    
                # reread configuration and update supervisor
                ptfhost.command('supervisorctl reread')
                ptfhost.command('supervisorctl update')
    
                # Force a restart of ptf_nn_agent to ensure that it is in good status.
                ptfhost.command('supervisorctl restart ptf_nn_agent')
    
                # check whether ptf_nn_agent starts successfully
                if "RUNNING" in ptfhost.command('supervisorctl status ptf_nn_agent',
                                                module_ignore_errors=True)["stdout_lines"][0]:
                    return ptf_nn_port
            return None
    
        need_backplane = False
        if 'ciscovs-7nodes' in tbinfo['topo']['name']:
            need_backplane = True
        ptfagents = []
        for seq, ptfhost in enumerate(ptfhosts):
            res = ptfhost.command('cat /proc/net/dev')
            ifaces = get_ifaces(res['stdout'])
            ifaces_map = get_ifaces_map(ifaces, ptf_port_mapping_mode, need_backplane)
            ptf_nn_agent_port = start_ptf_nn_agent(seq)
            ptfagents.append(PtfAgent(ptfhost.mgmt_ip, ptfhost.mgmt_ipv6, ptf_nn_agent_port, seq, ifaces_map))
            assert ptf_nn_agent_port is not None
    
        def check_if_use_minigraph_from_tbinfo(tbinfo):
            if 'properties' in tbinfo['topo'] and "init_cfg_profile" in tbinfo['topo']['properties']:
                #
                # Since init_cfg_profile is used, this topology would not use minigraph
                #
                return False
            return True
    
        with PtfTestAdapter(ptfagents, ptfhosts) as adapter:
            if not request.config.option.keep_payload:
                override_ptf_functions()
                node_id = request.module.__name__
                adapter.payload_pattern = node_id + " "
    
            adapter.duthost = duthost
            if check_if_use_minigraph_from_tbinfo(tbinfo):
>               adapter.mg_facts = duthost.get_extended_minigraph_facts(tbinfo)
                                   ^^^^^^^^^^^^^^^^^^^^^^^^^^^^^^^^^^^^^^^^^^^^

tests/common/plugins/ptfadapter/__init__.py:227: 
_ _ _ _ _ _ _ _ _ _ _ _ _ _ _ _ _ _ _ _ _ _ _ _ _ _ _ _ _ _ _ _ _ _ _ _ _ _ _ _ 

module_args = ({'comment': 'simple testbed', 'conf-name': 'sm109-testbed', 'duts': ['sm100-109'], 'duts_map': {'sm100-109': 0}, ...},)
complex_args = {}

    def _run_on_asics_wrapper(*module_args, **complex_args):
>       return self._run_on_asics(attr, *module_args, **complex_args)
               ^^^^^^^^^^^^^^^^^^^^^^^^^^^^^^^^^^^^^^^^^^^^^^^^^^^^^^

tests/common/devices/multi_asic.py:386: 
_ _ _ _ _ _ _ _ _ _ _ _ _ _ _ _ _ _ _ _ _ _ _ _ _ _ _ _ _ _ _ _ _ _ _ _ _ _ _ _ 

self = <MultiAsicSonicHost sm100-109>
multi_asic_attr = 'get_extended_minigraph_facts'
module_args = ({'comment': 'simple testbed', 'conf-name': 'sm109-testbed', 'duts': ['sm100-109'], 'duts_map': {'sm100-109': 0}, ...},)
complex_args = {}

    def _run_on_asics(self, multi_asic_attr, *module_args, **complex_args):
        """ Run an asible module on asics based on 'asic_index' keyword in complex_args
    
        Args:
            multi_asic_attr: name of the ansible module to run
            module_args: other ansible module args passed from the caller
            complex_args: other ansible keyword args
    
        Raises:
            ValueError:  if asic_index is specified and it is neither an int or string 'all'.
            ValueError: if asic_index is specified and is an int, but greater than number of asics in the SonicHost
    
        Returns:
            if asic_index is not specified, then we return the output of
            the ansible module on global namespace (using SonicHost)
            else
                if asic_index is an int, the output of the ansible module on that asic namespace
                    - for single asic SonicHost this would still be the same as
                      the ansible module on the global namespace
                else if asic_index is string 'all', then a list of ansible module output
                for all the asics on the SonicHost
                    - for single asic, this would be a list of size 1.
        """
        if "asic_index" not in complex_args:
            # Default ASIC/namespace
>           return getattr(self.sonichost, multi_asic_attr)(*module_args, **complex_args)
                   ^^^^^^^^^^^^^^^^^^^^^^^^^^^^^^^^^^^^^^^^^^^^^^^^^^^^^^^^^^^^^^^^^^^^^^

tests/common/devices/multi_asic.py:158: 
_ _ _ _ _ _ _ _ _ _ _ _ _ _ _ _ _ _ _ _ _ _ _ _ _ _ _ _ _ _ _ _ _ _ _ _ _ _ _ _ 

args = (<SonicHost sm100-109>, {'comment': 'simple testbed', 'conf-name': 'sm109-testbed', 'duts': ['sm100-109'], 'duts_map': {'sm100-109': 0}, ...})
kargs = {}, disable_cache = False
_zone_getter = <function _get_default_zone at 0x707724e02480>
zone = 'sm100-109', cached_facts = <object object at 0x70772560fdb0>

    def wrapper(*args, **kargs):
    
        # Support to choose enable/disable cache by function param
        disable_cache = _get_disable_cache(target, args, kargs)
        if disable_cache:
            return target(*args, **kargs)
    
        _zone_getter = zone_getter or _get_default_zone
        zone = _zone_getter(target, args, kargs)
    
        cached_facts = cache.read(zone, name)
        if after_read:
            cached_facts = after_read(cached_facts, target, args, kargs)
        if cached_facts is not FactsCache.NOTEXIST:
            logger.debug(f"[Cache] Use cache for func[{target}], zone[{zone}], key[{name}]")
            return cached_facts
        else:
>           facts = target(*args, **kargs)
                    ^^^^^^^^^^^^^^^^^^^^^^

tests/common/cache/facts_cache.py:284: 
_ _ _ _ _ _ _ _ _ _ _ _ _ _ _ _ _ _ _ _ _ _ _ _ _ _ _ _ _ _ _ _ _ _ _ _ _ _ _ _ 

self = <SonicHost sm100-109>
tbinfo = {'comment': 'simple testbed', 'conf-name': 'sm109-testbed', 'duts': ['sm100-109'], 'duts_map': {'sm100-109': 0}, ...}
namespace = None

    @cached(name='mg_facts')
    def get_extended_minigraph_facts(self, tbinfo, namespace=DEFAULT_NAMESPACE):
>       mg_facts = self.minigraph_facts(host=self.hostname, namespace=namespace)['ansible_facts']
                   ^^^^^^^^^^^^^^^^^^^^^^^^^^^^^^^^^^^^^^^^^^^^^^^^^^^^^^^^^^^^^

tests/common/devices/sonic.py:1688: 
_ _ _ _ _ _ _ _ _ _ _ _ _ _ _ _ _ _ _ _ _ _ _ _ _ _ _ _ _ _ _ _ _ _ _ _ _ _ _ _ 

module_args = (), kwargs = {'host': 'sm100-109', 'namespace': None}

    def _run_wrapper(*module_args, **kwargs):
>       return self._run(module_name, *module_args, **kwargs)
               ^^^^^^^^^^^^^^^^^^^^^^^^^^^^^^^^^^^^^^^^^^^^^^

tests/common/devices/base.py:115: 
_ _ _ _ _ _ _ _ _ _ _ _ _ _ _ _ _ _ _ _ _ _ _ _ _ _ _ _ _ _ _ _ _ _ _ _ _ _ _ _ 

self = <SonicHost sm100-109>, module_name = 'minigraph_facts', module_args = []
complex_args = {'host': 'sm100-109', 'namespace': None}
previous_frame = <frame at 0x70772150bed0, file '/var/src/SonicMmt/tests/common/devices/base.py', line 115, code _run_wrapper>
filename = '/var/src/SonicMmt/tests/common/devices/base.py', line_number = 115
function_name = '_run_wrapper'
lines = ['                return self._run(module_name, *module_args, **kwargs)\n']
index = 0, verbose = True, module_ignore_errors = False, module_async = False

    def _run(self, module_name, *module_args, **complex_args):
    
        previous_frame = inspect.currentframe().f_back
        filename, line_number, function_name, lines, index = inspect.getframeinfo(previous_frame)
    
        verbose = complex_args.pop('verbose', True)
        module = getattr(self.host, module_name)
        if verbose:
            logger.debug(
                "{}::{}#{}: [{}] AnsibleModule::{}, args={}, kwargs={}".format(
                    filename,
                    function_name,
                    line_number,
                    self.hostname,
                    module_name,
                    json.dumps(module_args, cls=AnsibleHostBase.CustomEncoder),
                    json.dumps(complex_args, cls=AnsibleHostBase.CustomEncoder)
                )
            )
        else:
            logger.debug(
                "{}::{}#{}: [{}] AnsibleModule::{} executing...".format(
                    filename,
                    function_name,
                    line_number,
                    self.hostname,
                    module_name
                )
            )
    
        module_ignore_errors = complex_args.pop('module_ignore_errors', False)
        module_async = complex_args.pop('module_async', False)
    
        if module_async:
            def run_module(module_args, complex_args):
                return module(*module_args, **complex_args)[self.hostname]
            pool = ThreadPool()
            result = pool.apply_async(run_module, (module_args, complex_args))
            return pool, result
    
        module_args = json.loads(json.dumps(module_args, cls=AnsibleHostBase.CustomEncoder))
        complex_args = json.loads(json.dumps(complex_args, cls=AnsibleHostBase.CustomEncoder))
    
        adhoc_res: AdHocResult = module(*module_args, **complex_args)
    
        if module_name == "meta":
            # The meta module is special in Ansible - it doesn't execute on remote hosts, it controls Ansible's behavior
            # There are no per-host ModuleResults contained within it
            return
    
        hostname_res: ModuleResult = adhoc_res[self.hostname]
        hostname_res.encoder = AnsibleHostBase.CustomEncoder
    
        if verbose:
            logger.debug(
                "{}::{}#{}: [{}] AnsibleModule::{} Result => {}".format(
                    filename,
                    function_name,
                    line_number,
                    self.hostname,
                    module_name, json.dumps(hostname_res, cls=AnsibleHostBase.CustomEncoder)
                )
            )
        else:
            logger.debug(
                "{}::{}#{}: [{}] AnsibleModule::{} done, is_failed={}, rc={}".format(
                    filename,
                    function_name,
                    line_number,
                    self.hostname,
                    module_name,
                    hostname_res.is_failed,
                    hostname_res.get('rc', None)
                )
            )
    
        if (hostname_res.is_failed or 'exception' in hostname_res) and not module_ignore_errors:
>           raise RunAnsibleModuleFail("run module {} failed".format(module_name), hostname_res)
E           tests.common.errors.RunAnsibleModuleFail: run module minigraph_facts failed, Ansible Results =>
E           failed = True
E           msg = Error reading file '/etc/sonic/minigraph.xml': failed to load external entity "/etc/sonic/minigraph.xml"
E           Traceback (most recent call last):
E             File "/tmp/ansible_minigraph_facts_payload_6g7g0o6t/ansible_minigraph_facts_payload.zip/ansible/modules/minigraph_facts.py", line 957, in main
E             File "/tmp/ansible_minigraph_facts_payload_6g7g0o6t/ansible_minigraph_facts_payload.zip/ansible/modules/minigraph_facts.py", line 682, in parse_xml
E             File "/tmp/ansible_minigraph_facts_payload_6g7g0o6t/ansible_minigraph_facts_payload.zip/ansible/modules/minigraph_facts.py", line 631, in reconcile_mini_graph_locations
E             File "src/lxml/etree.pyx", line 3538, in lxml.etree.parse
E             File "src/lxml/parser.pxi", line 1876, in lxml.etree._parseDocument
E             File "src/lxml/parser.pxi", line 1902, in lxml.etree._parseDocumentFromURL
E             File "src/lxml/parser.pxi", line 1805, in lxml.etree._parseDocFromFile
E             File "src/lxml/parser.pxi", line 1177, in lxml.etree._BaseParser._parseDocFromFile
E             File "src/lxml/parser.pxi", line 615, in lxml.etree._ParserContext._handleParseResultDoc
E             File "src/lxml/parser.pxi", line 725, in lxml.etree._handleParseResult
E             File "src/lxml/parser.pxi", line 652, in lxml.etree._raiseParseError
E           OSError: Error reading file '/etc/sonic/minigraph.xml': failed to load external entity "/etc/sonic/minigraph.xml"
E           
E           invocation = {'module_args': {'host': 'sm100-109', 'namespace': None, 'filename': None}}
E           _ansible_no_log = False
E           changed = False
E           stdout =
E           stderr =

tests/common/devices/base.py:198: RunAnsibleModuleFail
_____________ ERROR at teardown of test_vlan_tc3_send_invalid_vid ______________

fn_args = (<MultiAsicSonicHost sm100-109>,)
fn_kwargs = {'check_intf_up_ports': True, 'safe_reload': True, 'wait_before_force_reload': 300, 'wait_for_bgp': False}

    def _wrapper(*fn_args, **fn_kwargs):
        try:
>           return fn(*fn_args, **fn_kwargs)
                   ^^^^^^^^^^^^^^^^^^^^^^^^^

tests/common/helpers/multi_thread_utils.py:45: 
_ _ _ _ _ _ _ _ _ _ _ _ _ _ _ _ _ _ _ _ _ _ _ _ _ _ _ _ _ _ _ _ _ _ _ _ _ _ _ _ 

args = (<MultiAsicSonicHost sm100-109>,)
kwargs = {'check_intf_up_ports': True, 'safe_reload': True, 'wait_before_force_reload': 300, 'wait_for_bgp': False}
loganalyzer = {}

    @wraps(func)
    def decorated(*args, **kwargs):
        """
        try to fetch loganalyzer instances from kwargs:
        if ignore_loganalyzer is not passed, do nothing but execute the decorated function.
        if ignore_loganalyzer is passed, to avoid 'unexpected keyword argument error',
            delete the ignore_loganalyzer from kwargs so that it would not be passed to the decorated function,
            and set ignore_loganalyzer markers before and after the decorated function on all log analyzer instances.
        """
    
        # Need to remove parameter 'ignore_loganalyzer' from kwargs
        # Otherwise it breaks the decorated func
        # Since the parameter 'ignore_loganalyzer' is not defined in the signature
        loganalyzer = kwargs.pop('ignore_loganalyzer', {})
    
        if loganalyzer:
            for _, dut_loganalyzer in list(loganalyzer.items()):
                dut_loganalyzer.add_start_ignore_mark()
    
        try:
>           res = func(*args, **kwargs)
                  ^^^^^^^^^^^^^^^^^^^^^

tests/common/plugins/loganalyzer/utils.py:25: 
_ _ _ _ _ _ _ _ _ _ _ _ _ _ _ _ _ _ _ _ _ _ _ _ _ _ _ _ _ _ _ _ _ _ _ _ _ _ _ _ 

args = (<MultiAsicSonicHost sm100-109>,)
kwargs = {'check_intf_up_ports': True, 'safe_reload': True, 'wait_before_force_reload': 300, 'wait_for_bgp': False}
parallel_run_context = ParallelRunContext(is_par_run=False, target_hostname=, is_par_leader=False, par_followers=-1, par_state_file=, par_mode=)
par_ctx = ParallelRunContext(is_par_run=False, target_hostname=, is_par_leader=False, par_followers=-1, par_state_file=, par_mode=)
reason = 'par_followers is -1'

    @wraps(func)
    def wrapper(*args, **kwargs):
        logger.info("Running {} via synchronized decorator".format(action_name))
        parallel_run_context = kwargs.pop("parallel_run_context", DEFAULT_PARALLEL_RUN_CONTEXT)
        if not parallel_run_context:
            logger.info("Running original {} as parallel_run_context is falsy".format(action_name))
            return func(*args, **kwargs)
    
        par_ctx = parallel_run_context
        if par_ctx.par_followers == -1 or not par_ctx.is_par_run:
            reason = "par_followers is -1" if par_ctx.par_followers == -1 else "is_par_run is False"
            logger.info("Running original {} as {}".format(action_name, reason))
>           return func(*args, **kwargs)
                   ^^^^^^^^^^^^^^^^^^^^^

tests/common/helpers/parallel_utils.py:336: 
_ _ _ _ _ _ _ _ _ _ _ _ _ _ _ _ _ _ _ _ _ _ _ _ _ _ _ _ _ _ _ _ _ _ _ _ _ _ _ _ 

sonic_host = <MultiAsicSonicHost sm100-109>, config_source = 'config_db'
wait = 120, start_bgp = True, start_dynamic_buffer = True, safe_reload = True
wait_before_force_reload = 300, wait_for_bgp = False, wait_for_ibgp = True
check_intf_up_ports = True, traffic_shift_away = False, override_config = False
golden_config_path = '/etc/sonic/golden_config_db.json', is_dut = True
exec_tsb = False, yang_validate = True

    @support_ignore_loganalyzer
    @synchronized_config_reload
    def config_reload(sonic_host, config_source='config_db', wait=120, start_bgp=True, start_dynamic_buffer=True,
                      safe_reload=False, wait_before_force_reload=0, wait_for_bgp=False, wait_for_ibgp=True,
                      check_intf_up_ports=False, traffic_shift_away=False, override_config=False,
                      golden_config_path=DEFAULT_GOLDEN_CONFIG_PATH, is_dut=True, exec_tsb=False,
                      yang_validate=True):
        """
        reload SONiC configuration
        :param sonic_host: SONiC host object
        :param config_source: configuration source is 'config_db', 'minigraph' or 'running_golden_config'
        :param wait: wait timeout for sonic_host to initialize after configuration reload
        :param wait_for_bgp: True to wait for all BGP connections to come up after configuration reload
        :param wait_for_ibgp: True to wait for all iBGP connections to come up after configuration reload. This
                              parameter is only used when `wait_for_bgp` is True.
        :param override_config: override current config with '/etc/sonic/golden_config_db.json'
        :param is_dut: True if the host is DUT, False if the host may be neighbor device.
                        To the non-DUT host, it may lack of some runtime variables like `topo_type`
                        so that this config_reload may fail.
        :return:
        """
        def _config_reload_cmd_wrapper(cmd, executable):
            out = sonic_host.shell(cmd, executable=executable)
            if out['rc'] == 0:
                return True
            else:
                return False
    
        if config_source not in config_sources:
            raise ValueError('invalid config source passed in "{}", must be {}'.format(
                config_source,
                ' or '.join(['"{}"'.format(src) for src in config_sources])
            ))
    
        logger.info('reloading {}'.format(config_source))
    
        if is_dut:
            # Extend ignore fabric port msgs for T2 chassis with DNX chipset on Linecards
            ignore_t2_syslog_msgs(sonic_host)
    
        # Retrieve the enable_macsec passed by user for this test run
        # If macsec is enabled, use the override option to get macsec profile from golden config
        request = sonic_host.duthosts.request
        if request:
            macsec_en = request.config.getoption("--enable_macsec", default=False)
    
        if config_source == 'minigraph':
            if start_dynamic_buffer and sonic_host.facts['asic_type'] == 'mellanox':
                output = sonic_host.shell('redis-cli -n 4 hget "DEVICE_METADATA|localhost" buffer_model',
                                          module_ignore_errors=True)
                is_buffer_model_dynamic = (output and output.get('stdout') == 'dynamic')
            else:
                is_buffer_model_dynamic = False
            cmd = 'config load_minigraph -y'
            if traffic_shift_away:
                cmd += ' -t'
            if override_config or macsec_en:
                cmd += ' -o'
            if golden_config_path:
                cmd += ' -p {} '.format(golden_config_path)
            sonic_host.shell(cmd, executable="/bin/bash")
            # Restore zebra_nexthop using minigraph_facts (parsed on controller) instead of
            # copying a DUT-side script, eliminating duplicated XML parsing.
            mg_facts = sonic_host.minigraph_facts(host=sonic_host.hostname)['ansible_facts']
            zebra_nexthop = mg_facts.get('minigraph_device_metadata', {}).get('zebra_nexthop')
            if zebra_nexthop:
                logger.info("Setting zebra_nexthop='{}' in CONFIG_DB DEVICE_METADATA".format(zebra_nexthop))
                sonic_host.shell(
                    'sonic-db-cli CONFIG_DB hset "DEVICE_METADATA|localhost" zebra_nexthop {}'.format(zebra_nexthop)
                )
            time.sleep(60)
            if start_bgp:
                sonic_host.shell('config bgp startup all')
            if is_buffer_model_dynamic:
                sonic_host.shell('enable-dynamic-buffer.py')
            sonic_host.shell('config save -y')
    
        elif config_source == 'config_db':
            cmd = 'config reload -y'
            reloading = False
            if config_force_option_supported(sonic_host):
                if wait_before_force_reload:
                    reloading = wait_until(wait_before_force_reload, 10, 0, _config_reload_cmd_wrapper, cmd, "/bin/bash")
                cmd = 'config reload -y -f'
            if not reloading:
                time.sleep(30)
                sonic_host.shell(cmd, executable="/bin/bash")
    
        elif config_source == 'running_golden_config':
            golden_path = '/etc/sonic/running_golden_config.json'
            if sonic_host.is_multi_asic:
                for asic in range(sonic_host.num_asics()):
                    golden_path = f'{golden_path},/etc/sonic/running_golden_config{asic}.json'  # noqa: E231
            cmd = f'config reload -y -l {golden_path}'
            if config_force_option_supported(sonic_host):
                cmd = f'config reload -y -f -l {golden_path}'
            sonic_host.shell(cmd, executable="/bin/bash")
    
        modular_chassis = sonic_host.get_facts().get("modular_chassis")
        wait = max(wait, 600) if modular_chassis else wait
    
        # On smartswitch, wait for DPUs to reach expected state after config reload.
        # This prevents consecutive config reloads from triggering DPU admin state
        # changes before the previous transitions have completed.
        if is_dut and sonic_host.dut_basic_facts()['ansible_facts']['dut_basic_facts'].get("is_smartswitch"):
            _wait_for_smartswitch_dpu_states(sonic_host)
    
        if safe_reload:
            # The wait time passed in might not be guaranteed to cover the actual
            # time it takes for containers to come back up. Therefore, add 5
            # minutes to the maximum wait time. If it's ready sooner, then the
            # function will return sooner.
            # Update critical service list after rebooting in case critical services changed after rebooting
            pytest_assert(wait_until(200, 10, 0, sonic_host.is_critical_processes_running_per_asic_or_host, "database"),
                          "Database not start.")
            sonic_host.critical_services_tracking_list()
>           pytest_assert(wait_until(wait + 300, 20, 0, sonic_host.critical_services_fully_started),
                          "All critical services should be fully started!")

tests/common/config_reload.py:309: 
_ _ _ _ _ _ _ _ _ _ _ _ _ _ _ _ _ _ _ _ _ _ _ _ _ _ _ _ _ _ _ _ _ _ _ _ _ _ _ _ 

condition = False, message = 'All critical services should be fully started!'

    def pytest_assert(condition, message=None):
        __tracebackhide__ = True
        if not condition:
            if not isinstance(message, str):
                message = str(message)
>           pytest.fail(message)

tests/common/helpers/assertions.py:9: 
_ _ _ _ _ _ _ _ _ _ _ _ _ _ _ _ _ _ _ _ _ _ _ _ _ _ _ _ _ _ _ _ _ _ _ _ _ _ _ _ 

self = <_pytest.outcomes._Fail object at 0x707729921580>
reason = 'All critical services should be fully started!', pytrace = True

    def __call__(self, reason: str = "", pytrace: bool = True) -> NoReturn:
        __tracebackhide__ = True
>       raise Failed(msg=reason, pytrace=pytrace)
E       Failed: All critical services should be fully started!

/opt/venv/lib/python3.12/site-packages/_pytest/outcomes.py:163: Failed

During handling of the above exception, another exception occurred:

cls = <class '_pytest.runner.CallInfo'>
func = <function call_and_report.<locals>.<lambda> at 0x707720a87920>
when = 'teardown'
reraise = (<class '_pytest.outcomes.Exit'>, <class 'KeyboardInterrupt'>)

    @classmethod
    def from_call(
        cls,
        func: Callable[[], TResult],
        when: Literal["collect", "setup", "call", "teardown"],
        reraise: type[BaseException] | tuple[type[BaseException], ...] | None = None,
    ) -> CallInfo[TResult]:
        """Call func, wrapping the result in a CallInfo.
    
        :param func:
            The function to call. Called without arguments.
        :type func: Callable[[], _pytest.runner.TResult]
        :param when:
            The phase in which the function is called.
        :param reraise:
            Exception or exceptions that shall propagate if raised by the
            function, instead of being wrapped in the CallInfo.
        """
        excinfo = None
        instant = timing.Instant()
        try:
>           result: TResult | None = func()
                                     ^^^^^^

/opt/venv/lib/python3.12/site-packages/_pytest/runner.py:353: 
_ _ _ _ _ _ _ _ _ _ _ _ _ _ _ _ _ _ _ _ _ _ _ _ _ _ _ _ _ _ _ _ _ _ _ _ _ _ _ _ 

>       lambda: runtest_hook(item=item, **kwds),
                ^^^^^^^^^^^^^^^^^^^^^^^^^^^^^^^
        when=when,
        reraise=get_reraise_exceptions(item.config),
    )

/opt/venv/lib/python3.12/site-packages/_pytest/runner.py:245: 
_ _ _ _ _ _ _ _ _ _ _ _ _ _ _ _ _ _ _ _ _ _ _ _ _ _ _ _ _ _ _ _ _ _ _ _ _ _ _ _ 

self = <HookCaller 'pytest_runtest_teardown'>
kwargs = {'item': <Function test_vlan_tc3_send_invalid_vid>, 'nextitem': None}
firstresult = False

    def __call__(self, **kwargs: object) -> Any:
        """Call the hook.
    
        Only accepts keyword arguments, which should match the hook
        specification.
    
        Returns the result(s) of calling all registered plugins, see
        :ref:`calling`.
        """
        assert not self.is_historic(), (
            "Cannot directly call a historic hook - use call_historic instead."
        )
        self._verify_all_args_are_provided(kwargs)
        firstresult = self.spec.opts.get("firstresult", False) if self.spec else False
        # Copy because plugins may register other plugins during iteration (#438).
>       return self._hookexec(self.name, self._hookimpls.copy(), kwargs, firstresult)
               ^^^^^^^^^^^^^^^^^^^^^^^^^^^^^^^^^^^^^^^^^^^^^^^^^^^^^^^^^^^^^^^^^^^^^^

/opt/venv/lib/python3.12/site-packages/pluggy/_hooks.py:512: 
_ _ _ _ _ _ _ _ _ _ _ _ _ _ _ _ _ _ _ _ _ _ _ _ _ _ _ _ _ _ _ _ _ _ _ _ _ _ _ _ 

self = <_pytest.config.PytestPluginManager object at 0x707729fcbd40>
hook_name = 'pytest_runtest_teardown'
methods = [<HookImpl plugin_name='threadexception', plugin=<module '_pytest.threadexception' from '/opt/venv/lib/python3.12/site...apturing=<MultiCapture out=None err=None in_=None _state='suspended' _in_suspended=False> _capture_fixture=None>>, ...]
kwargs = {'item': <Function test_vlan_tc3_send_invalid_vid>, 'nextitem': None}
firstresult = False

    def _hookexec(
        self,
        hook_name: str,
        methods: Sequence[HookImpl],
        kwargs: Mapping[str, object],
        firstresult: bool,
    ) -> object | list[object]:
        # called from all hookcaller instances.
        # enable_tracing will set its own wrapping function at self._inner_hookexec
>       return self._inner_hookexec(hook_name, methods, kwargs, firstresult)
               ^^^^^^^^^^^^^^^^^^^^^^^^^^^^^^^^^^^^^^^^^^^^^^^^^^^^^^^^^^^^^

/opt/venv/lib/python3.12/site-packages/pluggy/_manager.py:120: 
_ _ _ _ _ _ _ _ _ _ _ _ _ _ _ _ _ _ _ _ _ _ _ _ _ _ _ _ _ _ _ _ _ _ _ _ _ _ _ _ 

hook_name = 'pytest_runtest_teardown'
hook_impls = [<HookImpl plugin_name='threadexception', plugin=<module '_pytest.threadexception' from '/opt/venv/lib/python3.12/site...apturing=<MultiCapture out=None err=None in_=None _state='suspended' _in_suspended=False> _capture_fixture=None>>, ...]
caller_kwargs = {'item': <Function test_vlan_tc3_send_invalid_vid>, 'nextitem': None}
firstresult = False

    def _multicall(
        hook_name: str,
        hook_impls: Sequence[HookImpl],
        caller_kwargs: Mapping[str, object],
        firstresult: bool,
    ) -> object | list[object]:
        """Execute a call into multiple python functions/methods and return the
        result(s).
    
        ``caller_kwargs`` comes from HookCaller.__call__().
        """
        __tracebackhide__ = True
        results: list[object] = []
        exception = None
        try:  # run impl and wrapper setup functions in a loop
            teardowns: list[Teardown] = []
            try:
                for hook_impl in reversed(hook_impls):
                    try:
                        args = [caller_kwargs[argname] for argname in hook_impl.argnames]
                    except KeyError as e:
                        # coverage bug - this is tested
                        for argname in hook_impl.argnames:  # pragma: no cover
                            if argname not in caller_kwargs:
                                raise HookCallError(
                                    f"hook call must provide argument {argname!r}"
                                ) from e
    
                    if hook_impl.hookwrapper:
                        function_gen = run_old_style_hookwrapper(hook_impl, hook_name, args)
    
                        next(function_gen)  # first yield
                        teardowns.append(function_gen)
    
                    elif hook_impl.wrapper:
                        try:
                            # If this cast is not valid, a type error is raised below,
                            # which is the desired response.
                            res = hook_impl.function(*args)
                            function_gen = cast(Generator[None, object, object], res)
                            next(function_gen)  # first yield
                            teardowns.append(function_gen)
                        except StopIteration:
                            _raise_wrapfail(function_gen, "did not yield")
                    else:
                        res = hook_impl.function(*args)
                        if res is not None:
                            results.append(res)
                            if firstresult:  # halt further impl calls
                                break
            except BaseException as exc:
                exception = exc
        finally:
            if firstresult:  # first result hooks return a single value
                result = results[0] if results else None
            else:
                result = results
    
            # run all wrapper post-yield blocks
            for teardown in reversed(teardowns):
                try:
                    if exception is not None:
                        try:
                            teardown.throw(exception)
                        except RuntimeError as re:
                            # StopIteration from generator causes RuntimeError
                            # even for coroutine usage - see #544
                            if (
                                isinstance(exception, StopIteration)
                                and re.__cause__ is exception
                            ):
                                teardown.close()
                                continue
                            else:
                                raise
                    else:
                        teardown.send(result)
                    # Following is unreachable for a well behaved hook wrapper.
                    # Try to force finalizers otherwise postponed till GC action.
                    # Note: close() may raise if generator handles GeneratorExit.
                    teardown.close()
                except StopIteration as si:
                    result = si.value
                    exception = None
                    continue
                except BaseException as e:
                    exception = e
                    continue
                _raise_wrapfail(teardown, "has second yield")
    
        if exception is not None:
>           raise exception

/opt/venv/lib/python3.12/site-packages/pluggy/_callers.py:167: 
_ _ _ _ _ _ _ _ _ _ _ _ _ _ _ _ _ _ _ _ _ _ _ _ _ _ _ _ _ _ _ _ _ _ _ _ _ _ _ _ 

hook_name = 'pytest_runtest_teardown'
hook_impls = [<HookImpl plugin_name='threadexception', plugin=<module '_pytest.threadexception' from '/opt/venv/lib/python3.12/site...apturing=<MultiCapture out=None err=None in_=None _state='suspended' _in_suspended=False> _capture_fixture=None>>, ...]
caller_kwargs = {'item': <Function test_vlan_tc3_send_invalid_vid>, 'nextitem': None}
firstresult = False

    def _multicall(
        hook_name: str,
        hook_impls: Sequence[HookImpl],
        caller_kwargs: Mapping[str, object],
        firstresult: bool,
    ) -> object | list[object]:
        """Execute a call into multiple python functions/methods and return the
        result(s).
    
        ``caller_kwargs`` comes from HookCaller.__call__().
        """
        __tracebackhide__ = True
        results: list[object] = []
        exception = None
        try:  # run impl and wrapper setup functions in a loop
            teardowns: list[Teardown] = []
            try:
                for hook_impl in reversed(hook_impls):
                    try:
                        args = [caller_kwargs[argname] for argname in hook_impl.argnames]
                    except KeyError as e:
                        # coverage bug - this is tested
                        for argname in hook_impl.argnames:  # pragma: no cover
                            if argname not in caller_kwargs:
                                raise HookCallError(
                                    f"hook call must provide argument {argname!r}"
                                ) from e
    
                    if hook_impl.hookwrapper:
                        function_gen = run_old_style_hookwrapper(hook_impl, hook_name, args)
    
                        next(function_gen)  # first yield
                        teardowns.append(function_gen)
    
                    elif hook_impl.wrapper:
                        try:
                            # If this cast is not valid, a type error is raised below,
                            # which is the desired response.
                            res = hook_impl.function(*args)
                            function_gen = cast(Generator[None, object, object], res)
                            next(function_gen)  # first yield
                            teardowns.append(function_gen)
                        except StopIteration:
                            _raise_wrapfail(function_gen, "did not yield")
                    else:
                        res = hook_impl.function(*args)
                        if res is not None:
                            results.append(res)
                            if firstresult:  # halt further impl calls
                                break
            except BaseException as exc:
                exception = exc
        finally:
            if firstresult:  # first result hooks return a single value
                result = results[0] if results else None
            else:
                result = results
    
            # run all wrapper post-yield blocks
            for teardown in reversed(teardowns):
                try:
                    if exception is not None:
                        try:
>                           teardown.throw(exception)

/opt/venv/lib/python3.12/site-packages/pluggy/_callers.py:139: 
_ _ _ _ _ _ _ _ _ _ _ _ _ _ _ _ _ _ _ _ _ _ _ _ _ _ _ _ _ _ _ _ _ _ _ _ _ _ _ _ 

hook_impl = <HookImpl plugin_name='LogSectionStart', plugin=<tests.common.plugins.log_section_start.LogSectionStartPlugin object at 0x707722410bf0>>
hook_name = 'pytest_runtest_teardown'
args = [<Function test_vlan_tc3_send_invalid_vid>]

    def run_old_style_hookwrapper(
        hook_impl: HookImpl, hook_name: str, args: Sequence[object]
    ) -> Teardown:
        """
        backward compatibility wrapper to run a old style hookwrapper as a wrapper
        """
    
        teardown: Teardown = cast(Teardown, hook_impl.function(*args))
        try:
            next(teardown)
        except StopIteration:
            _raise_wrapfail(teardown, "did not yield")
        try:
            res = yield
            result = Result(res, None)
        except BaseException as exc:
            result = Result(None, exc)
        try:
            teardown.send(result)
        except StopIteration:
            pass
        except BaseException as e:
            _warn_teardown_exception(hook_name, hook_impl, e)
            raise
        else:
            _raise_wrapfail(teardown, "has second yield")
        finally:
            teardown.close()
>       return result.get_result()
               ^^^^^^^^^^^^^^^^^^^

/opt/venv/lib/python3.12/site-packages/pluggy/_callers.py:53: 
_ _ _ _ _ _ _ _ _ _ _ _ _ _ _ _ _ _ _ _ _ _ _ _ _ _ _ _ _ _ _ _ _ _ _ _ _ _ _ _ 

self = <pluggy._result.Result object at 0x70772224f580>

    def get_result(self) -> ResultType:
        """Get the result(s) for this hook call.
    
        If the hook was marked as a ``firstresult`` only a single value
        will be returned, otherwise a list of results.
        """
        __tracebackhide__ = True
        exc = self._exception
        tb = self._traceback
        if exc is None:
            return cast(ResultType, self._result)
        else:
>           raise exc.with_traceback(tb)

/opt/venv/lib/python3.12/site-packages/pluggy/_result.py:103: 
_ _ _ _ _ _ _ _ _ _ _ _ _ _ _ _ _ _ _ _ _ _ _ _ _ _ _ _ _ _ _ _ _ _ _ _ _ _ _ _ 

hook_impl = <HookImpl plugin_name='LogSectionStart', plugin=<tests.common.plugins.log_section_start.LogSectionStartPlugin object at 0x707722410bf0>>
hook_name = 'pytest_runtest_teardown'
args = [<Function test_vlan_tc3_send_invalid_vid>]

    def run_old_style_hookwrapper(
        hook_impl: HookImpl, hook_name: str, args: Sequence[object]
    ) -> Teardown:
        """
        backward compatibility wrapper to run a old style hookwrapper as a wrapper
        """
    
        teardown: Teardown = cast(Teardown, hook_impl.function(*args))
        try:
            next(teardown)
        except StopIteration:
            _raise_wrapfail(teardown, "did not yield")
        try:
>           res = yield
                  ^^^^^

/opt/venv/lib/python3.12/site-packages/pluggy/_callers.py:38: 
_ _ _ _ _ _ _ _ _ _ _ _ _ _ _ _ _ _ _ _ _ _ _ _ _ _ _ _ _ _ _ _ _ _ _ _ _ _ _ _ 

hook_name = 'pytest_runtest_teardown'
hook_impls = [<HookImpl plugin_name='threadexception', plugin=<module '_pytest.threadexception' from '/opt/venv/lib/python3.12/site...apturing=<MultiCapture out=None err=None in_=None _state='suspended' _in_suspended=False> _capture_fixture=None>>, ...]
caller_kwargs = {'item': <Function test_vlan_tc3_send_invalid_vid>, 'nextitem': None}
firstresult = False

    def _multicall(
        hook_name: str,
        hook_impls: Sequence[HookImpl],
        caller_kwargs: Mapping[str, object],
        firstresult: bool,
    ) -> object | list[object]:
        """Execute a call into multiple python functions/methods and return the
        result(s).
    
        ``caller_kwargs`` comes from HookCaller.__call__().
        """
        __tracebackhide__ = True
        results: list[object] = []
        exception = None
        try:  # run impl and wrapper setup functions in a loop
            teardowns: list[Teardown] = []
            try:
                for hook_impl in reversed(hook_impls):
                    try:
                        args = [caller_kwargs[argname] for argname in hook_impl.argnames]
                    except KeyError as e:
                        # coverage bug - this is tested
                        for argname in hook_impl.argnames:  # pragma: no cover
                            if argname not in caller_kwargs:
                                raise HookCallError(
                                    f"hook call must provide argument {argname!r}"
                                ) from e
    
                    if hook_impl.hookwrapper:
                        function_gen = run_old_style_hookwrapper(hook_impl, hook_name, args)
    
                        next(function_gen)  # first yield
                        teardowns.append(function_gen)
    
                    elif hook_impl.wrapper:
                        try:
                            # If this cast is not valid, a type error is raised below,
                            # which is the desired response.
                            res = hook_impl.function(*args)
                            function_gen = cast(Generator[None, object, object], res)
                            next(function_gen)  # first yield
                            teardowns.append(function_gen)
                        except StopIteration:
                            _raise_wrapfail(function_gen, "did not yield")
                    else:
                        res = hook_impl.function(*args)
                        if res is not None:
                            results.append(res)
                            if firstresult:  # halt further impl calls
                                break
            except BaseException as exc:
                exception = exc
        finally:
            if firstresult:  # first result hooks return a single value
                result = results[0] if results else None
            else:
                result = results
    
            # run all wrapper post-yield blocks
            for teardown in reversed(teardowns):
                try:
                    if exception is not None:
                        try:
>                           teardown.throw(exception)

/opt/venv/lib/python3.12/site-packages/pluggy/_callers.py:139: 
_ _ _ _ _ _ _ _ _ _ _ _ _ _ _ _ _ _ _ _ _ _ _ _ _ _ _ _ _ _ _ _ _ _ _ _ _ _ _ _ 

self = <_pytest.logging.LoggingPlugin object at 0x707723567650>
item = <Function test_vlan_tc3_send_invalid_vid>

    @hookimpl(wrapper=True)
    def pytest_runtest_teardown(self, item: nodes.Item) -> Generator[None]:
        self.log_cli_handler.set_when("teardown")
    
        try:
            with self._runtest_for(item, "teardown"):
>               yield

/opt/venv/lib/python3.12/site-packages/_pytest/logging.py:858: 
_ _ _ _ _ _ _ _ _ _ _ _ _ _ _ _ _ _ _ _ _ _ _ _ _ _ _ _ _ _ _ _ _ _ _ _ _ _ _ _ 

hook_name = 'pytest_runtest_teardown'
hook_impls = [<HookImpl plugin_name='threadexception', plugin=<module '_pytest.threadexception' from '/opt/venv/lib/python3.12/site...apturing=<MultiCapture out=None err=None in_=None _state='suspended' _in_suspended=False> _capture_fixture=None>>, ...]
caller_kwargs = {'item': <Function test_vlan_tc3_send_invalid_vid>, 'nextitem': None}
firstresult = False

    def _multicall(
        hook_name: str,
        hook_impls: Sequence[HookImpl],
        caller_kwargs: Mapping[str, object],
        firstresult: bool,
    ) -> object | list[object]:
        """Execute a call into multiple python functions/methods and return the
        result(s).
    
        ``caller_kwargs`` comes from HookCaller.__call__().
        """
        __tracebackhide__ = True
        results: list[object] = []
        exception = None
        try:  # run impl and wrapper setup functions in a loop
            teardowns: list[Teardown] = []
            try:
                for hook_impl in reversed(hook_impls):
                    try:
                        args = [caller_kwargs[argname] for argname in hook_impl.argnames]
                    except KeyError as e:
                        # coverage bug - this is tested
                        for argname in hook_impl.argnames:  # pragma: no cover
                            if argname not in caller_kwargs:
                                raise HookCallError(
                                    f"hook call must provide argument {argname!r}"
                                ) from e
    
                    if hook_impl.hookwrapper:
                        function_gen = run_old_style_hookwrapper(hook_impl, hook_name, args)
    
                        next(function_gen)  # first yield
                        teardowns.append(function_gen)
    
                    elif hook_impl.wrapper:
                        try:
                            # If this cast is not valid, a type error is raised below,
                            # which is the desired response.
                            res = hook_impl.function(*args)
                            function_gen = cast(Generator[None, object, object], res)
                            next(function_gen)  # first yield
                            teardowns.append(function_gen)
                        except StopIteration:
                            _raise_wrapfail(function_gen, "did not yield")
                    else:
                        res = hook_impl.function(*args)
                        if res is not None:
                            results.append(res)
                            if firstresult:  # halt further impl calls
                                break
            except BaseException as exc:
                exception = exc
        finally:
            if firstresult:  # first result hooks return a single value
                result = results[0] if results else None
            else:
                result = results
    
            # run all wrapper post-yield blocks
            for teardown in reversed(teardowns):
                try:
                    if exception is not None:
                        try:
>                           teardown.throw(exception)

/opt/venv/lib/python3.12/site-packages/pluggy/_callers.py:139: 
_ _ _ _ _ _ _ _ _ _ _ _ _ _ _ _ _ _ _ _ _ _ _ _ _ _ _ _ _ _ _ _ _ _ _ _ _ _ _ _ 

self = <CaptureManager _method='no' _global_capturing=<MultiCapture out=None err=None in_=None _state='suspended' _in_suspended=False> _capture_fixture=None>
item = <Function test_vlan_tc3_send_invalid_vid>

    @hookimpl(wrapper=True)
    def pytest_runtest_teardown(self, item: Item) -> Generator[None]:
        with self.item_capture("teardown", item):
>           return (yield)
                    ^^^^^

/opt/venv/lib/python3.12/site-packages/_pytest/capture.py:905: 
_ _ _ _ _ _ _ _ _ _ _ _ _ _ _ _ _ _ _ _ _ _ _ _ _ _ _ _ _ _ _ _ _ _ _ _ _ _ _ _ 

hook_name = 'pytest_runtest_teardown'
hook_impls = [<HookImpl plugin_name='threadexception', plugin=<module '_pytest.threadexception' from '/opt/venv/lib/python3.12/site...apturing=<MultiCapture out=None err=None in_=None _state='suspended' _in_suspended=False> _capture_fixture=None>>, ...]
caller_kwargs = {'item': <Function test_vlan_tc3_send_invalid_vid>, 'nextitem': None}
firstresult = False

    def _multicall(
        hook_name: str,
        hook_impls: Sequence[HookImpl],
        caller_kwargs: Mapping[str, object],
        firstresult: bool,
    ) -> object | list[object]:
        """Execute a call into multiple python functions/methods and return the
        result(s).
    
        ``caller_kwargs`` comes from HookCaller.__call__().
        """
        __tracebackhide__ = True
        results: list[object] = []
        exception = None
        try:  # run impl and wrapper setup functions in a loop
            teardowns: list[Teardown] = []
            try:
                for hook_impl in reversed(hook_impls):
                    try:
                        args = [caller_kwargs[argname] for argname in hook_impl.argnames]
                    except KeyError as e:
                        # coverage bug - this is tested
                        for argname in hook_impl.argnames:  # pragma: no cover
                            if argname not in caller_kwargs:
                                raise HookCallError(
                                    f"hook call must provide argument {argname!r}"
                                ) from e
    
                    if hook_impl.hookwrapper:
                        function_gen = run_old_style_hookwrapper(hook_impl, hook_name, args)
    
                        next(function_gen)  # first yield
                        teardowns.append(function_gen)
    
                    elif hook_impl.wrapper:
                        try:
                            # If this cast is not valid, a type error is raised below,
                            # which is the desired response.
                            res = hook_impl.function(*args)
                            function_gen = cast(Generator[None, object, object], res)
                            next(function_gen)  # first yield
                            teardowns.append(function_gen)
                        except StopIteration:
                            _raise_wrapfail(function_gen, "did not yield")
                    else:
>                       res = hook_impl.function(*args)
                              ^^^^^^^^^^^^^^^^^^^^^^^^^

/opt/venv/lib/python3.12/site-packages/pluggy/_callers.py:121: 
_ _ _ _ _ _ _ _ _ _ _ _ _ _ _ _ _ _ _ _ _ _ _ _ _ _ _ _ _ _ _ _ _ _ _ _ _ _ _ _ 

item = <Function test_vlan_tc3_send_invalid_vid>, nextitem = None

    def pytest_runtest_teardown(item: Item, nextitem: Item | None) -> None:
        _update_current_test_var(item, "teardown")
>       item.session._setupstate.teardown_exact(nextitem)

/opt/venv/lib/python3.12/site-packages/_pytest/runner.py:194: 
_ _ _ _ _ _ _ _ _ _ _ _ _ _ _ _ _ _ _ _ _ _ _ _ _ _ _ _ _ _ _ _ _ _ _ _ _ _ _ _ 

self = <_pytest.runner.SetupState object at 0x707722411670>, nextitem = None

    def teardown_exact(self, nextitem: Item | None) -> None:
        """Teardown the current stack up until reaching nodes that nextitem
        also descends from.
    
        When nextitem is None (meaning we're at the last item), the entire
        stack is torn down.
        """
        needed_collectors = (nextitem and nextitem.listchain()) or []
        exceptions: list[BaseException] = []
        while self.stack:
            if list(self.stack.keys()) == needed_collectors[: len(self.stack)]:
                break
            node, (finalizers, _) = self.stack.popitem()
            these_exceptions = []
            while finalizers:
                fin = finalizers.pop()
                try:
                    fin()
                except TEST_OUTCOME as e:
                    these_exceptions.append(e)
    
            if len(these_exceptions) == 1:
                exceptions.extend(these_exceptions)
            elif these_exceptions:
                msg = f"errors while tearing down {node!r}"
                exceptions.append(BaseExceptionGroup(msg, these_exceptions[::-1]))
    
        if len(exceptions) == 1:
>           raise exceptions[0]

/opt/venv/lib/python3.12/site-packages/_pytest/runner.py:566: 
_ _ _ _ _ _ _ _ _ _ _ _ _ _ _ _ _ _ _ _ _ _ _ _ _ _ _ _ _ _ _ _ _ _ _ _ _ _ _ _ 

self = <_pytest.runner.SetupState object at 0x707722411670>, nextitem = None

    def teardown_exact(self, nextitem: Item | None) -> None:
        """Teardown the current stack up until reaching nodes that nextitem
        also descends from.
    
        When nextitem is None (meaning we're at the last item), the entire
        stack is torn down.
        """
        needed_collectors = (nextitem and nextitem.listchain()) or []
        exceptions: list[BaseException] = []
        while self.stack:
            if list(self.stack.keys()) == needed_collectors[: len(self.stack)]:
                break
            node, (finalizers, _) = self.stack.popitem()
            these_exceptions = []
            while finalizers:
                fin = finalizers.pop()
                try:
>                   fin()

/opt/venv/lib/python3.12/site-packages/_pytest/runner.py:555: 
_ _ _ _ _ _ _ _ _ _ _ _ _ _ _ _ _ _ _ _ _ _ _ _ _ _ _ _ _ _ _ _ _ _ _ _ _ _ _ _ 

self = <FixtureDef argname='core_dump_and_config_check' scope='module' baseid='tests'>
request = <SubRequest 'core_dump_and_config_check' for <Function test_vlan_tc3_send_invalid_vid>>

    def finish(self, request: SubRequest) -> None:
        exceptions: list[BaseException] = []
        while self._finalizers:
            fin = self._finalizers.pop()
            try:
                fin()
            except BaseException as e:
                exceptions.append(e)
        node = request.node
        node.ihook.pytest_fixture_post_finalizer(fixturedef=self, request=request)
        # Even if finalization fails, we invalidate the cached fixture
        # value and remove all finalizers because they may be bound methods
        # which will keep instances alive.
        self.cached_result = None
        self._finalizers.clear()
        if len(exceptions) == 1:
>           raise exceptions[0]

/opt/venv/lib/python3.12/site-packages/_pytest/fixtures.py:1053: 
_ _ _ _ _ _ _ _ _ _ _ _ _ _ _ _ _ _ _ _ _ _ _ _ _ _ _ _ _ _ _ _ _ _ _ _ _ _ _ _ 

self = <FixtureDef argname='core_dump_and_config_check' scope='module' baseid='tests'>
request = <SubRequest 'core_dump_and_config_check' for <Function test_vlan_tc3_send_invalid_vid>>

    def finish(self, request: SubRequest) -> None:
        exceptions: list[BaseException] = []
        while self._finalizers:
            fin = self._finalizers.pop()
            try:
>               fin()

/opt/venv/lib/python3.12/site-packages/_pytest/fixtures.py:1042: 
_ _ _ _ _ _ _ _ _ _ _ _ _ _ _ _ _ _ _ _ _ _ _ _ _ _ _ _ _ _ _ _ _ _ _ _ _ _ _ _ 

fixturefunc = <function core_dump_and_config_check at 0x707722f1dd00>
it = <generator object core_dump_and_config_check at 0x128ddf00>

    def _teardown_yield_fixture(fixturefunc, it) -> None:
        """Execute the teardown of a fixture function by advancing the iterator
        after the yield and ensure the iteration ends (if not it means there is
        more than one yield in the function)."""
        try:
>           next(it)

/opt/venv/lib/python3.12/site-packages/_pytest/fixtures.py:924: 
_ _ _ _ _ _ _ _ _ _ _ _ _ _ _ _ _ _ _ _ _ _ _ _ _ _ _ _ _ _ _ _ _ _ _ _ _ _ _ _ 

duthosts = [<MultiAsicSonicHost sm100-109>]
tbinfo = {'comment': 'simple testbed', 'conf-name': 'sm109-testbed', 'duts': ['sm100-109'], 'duts_map': {'sm100-109': 0}, ...}
parallel_run_context = ParallelRunContext(is_par_run=False, target_hostname=None, is_par_leader=False, par_followers=0, par_state_file=None, par_mode=None)
request = <SubRequest 'core_dump_and_config_check' for <Function test_vlan_tc3_send_invalid_vid>>
sanity_check = None

    @pytest.fixture(scope="module", autouse=True)
    def core_dump_and_config_check(duthosts, tbinfo, parallel_run_context, request,
                                   # make sure the tear down of sanity_check happened after core_dump_and_config_check
                                   sanity_check):
        '''
        Check if there are new core dump files and if the running config is modified after the test case running.
        If so, we will reload the running config after test case running.
        '''
    
        par_ctx = parallel_run_context
        parallel_coordinator = ParallelCoordinator(par_ctx) if par_ctx.is_par_run else None
        if par_ctx.is_par_run and not par_ctx.is_par_leader:
            logger.info(
                "Fixture core_dump_and_config_check setup for non-leader nodes in parallel run is skipped. "
                "Please refer to the leader node log for core dump and config check status."
            )
    
            parallel_coordinator.wait_and_ack_status_for_followers(
                ParallelStatus.SETUP_COMPLETED,
                par_ctx.is_par_leader,
                par_ctx.target_hostname,
            )
    
            parallel_coordinator.wait_for_all_followers_ack(ParallelStatus.SETUP_COMPLETED)
    
            yield {}
    
            parallel_coordinator.mark_and_wait_for_status(
                ParallelStatus.TESTS_COMPLETED,
                par_ctx.target_hostname,
                par_ctx.is_par_leader,
            )
    
            logger.info(
                "Fixture core_dump_and_config_check teardown for non-leader nodes in parallel run is skipped. "
                "Please refer to the leader node log for core dump and config check status."
            )
        else:
            check_flag = True
            if hasattr(request.config.option, 'enable_macsec') and request.config.option.enable_macsec:
                check_flag = False
            if hasattr(request.config.option, 'markexpr') and request.config.option.markexpr:
                if "bsl" in request.config.option.markexpr:
                    check_flag = False
            for m in request.node.iter_markers():
                if m.name == "skip_check_dut_health":
                    check_flag = False
    
            module_name = request.node.name
    
            duts_data = {}
    
            if check_flag:
    
                def collect_before_test(dut):
                    logger.info("Dumping Disk and Memory Space information before test on {}".format(dut.hostname))
                    dut.shell("free -h")
                    dut.shell("df -h")
    
                    logger.info("Collecting core dumps before test on {}".format(dut.hostname))
                    duts_data[dut.hostname] = {}
    
                    if "20191130" in dut.os_version:
                        pre_existing_core_dumps = dut.shell('ls /var/core/ | grep -v python || true')['stdout'].split()
                    else:
                        pre_existing_core_dumps = dut.shell('ls /var/core/')['stdout'].split()
                    duts_data[dut.hostname]["pre_core_dumps"] = pre_existing_core_dumps
    
                    logger.info("Collecting running config before test on {}".format(dut.hostname))
                    duts_data[dut.hostname]["pre_running_config"] = {}
                    if not dut.stat(path="/etc/sonic/running_golden_config.json")['stat']['exists']:
                        logger.info("Collecting running golden config before test on {}".format(dut.hostname))
                        dut.shell("sonic-cfggen -d --print-data > /etc/sonic/running_golden_config.json")
                    duts_data[dut.hostname]["pre_running_config"][None] = \
                        json.loads(dut.shell("cat /etc/sonic/running_golden_config.json", verbose=False)['stdout'])
    
                    if dut.is_multi_asic:
                        for asic_index in range(0, dut.facts.get('num_asic')):
                            asic_ns = "asic{}".format(asic_index)
                            if not dut.stat(
                                    path="/etc/sonic/running_golden_config{}.json".format(asic_index))['stat']['exists']:
                                dut.shell(
                                    "sonic-cfggen -n {} -d --print-data > /etc/sonic/running_golden_config{}.json".format(
                                        asic_ns,
                                        asic_index,
                                    )
                                )
                            duts_data[dut.hostname]['pre_running_config'][asic_ns] = \
                                json.loads(dut.shell("cat /etc/sonic/running_golden_config{}.json".format(asic_index),
                                                     verbose=False)['stdout'])
    
                with SafeThreadPoolExecutor(max_workers=8) as executor:
                    for duthost in duthosts:
                        executor.submit(collect_before_test, duthost)
    
            if par_ctx.is_par_run and par_ctx.is_par_leader:
                parallel_coordinator.set_new_status(
                    ParallelStatus.SETUP_COMPLETED,
                    par_ctx.is_par_leader,
                    par_ctx.target_hostname,
                )
    
                parallel_coordinator.wait_for_all_followers_ack(ParallelStatus.SETUP_COMPLETED)
    
            yield duts_data
    
            if par_ctx.is_par_run and par_ctx.is_par_leader:
                parallel_coordinator.mark_and_wait_for_status(
                    ParallelStatus.TESTS_COMPLETED,
                    par_ctx.target_hostname,
                    par_ctx.is_par_leader,
                )
    
                parallel_coordinator.set_new_status(
                    ParallelStatus.TEARDOWN_STARTED,
                    par_ctx.is_par_leader,
                    par_ctx.target_hostname,
                )
    
            inconsistent_config = {}
            pre_only_config = {}
            cur_only_config = {}
            new_core_dumps = {}
    
            core_dump_check_failed = False
            config_db_check_failed = False
    
            check_result = {}
    
            if check_flag:
    
                def collect_after_test(dut):
                    inconsistent_config[dut.hostname] = {}
                    pre_only_config[dut.hostname] = {}
                    cur_only_config[dut.hostname] = {}
                    new_core_dumps[dut.hostname] = []
    
                    logger.info("Dumping Disk and Memory Space information after test on {}".format(dut.hostname))
                    dut.shell("free -h")
                    dut.shell("df -h")
    
                    logger.info("Collecting core dumps after test on {}".format(dut.hostname))
                    if "20191130" in dut.os_version:
                        cur_cores = dut.shell('ls /var/core/ | grep -v python || true')['stdout'].split()
                    else:
                        cur_cores = dut.shell('ls /var/core/')['stdout'].split()
                    duts_data[dut.hostname]["cur_core_dumps"] = cur_cores
    
                    cur_core_dumps_set = set(duts_data[dut.hostname]["cur_core_dumps"])
                    pre_core_dumps_set = set(duts_data[dut.hostname]["pre_core_dumps"])
                    new_core_dumps[dut.hostname] = list(cur_core_dumps_set - pre_core_dumps_set)
    
                    logger.info("Collecting running config after test on {}".format(dut.hostname))
                    # get running config after running
                    duts_data[dut.hostname]["cur_running_config"] = {}
                    duts_data[dut.hostname]["cur_running_config"][None] = \
                        json.loads(dut.shell("sonic-cfggen -d --print-data", verbose=False)['stdout'])
                    if dut.is_multi_asic:
                        for asic_index in range(0, dut.facts.get('num_asic')):
                            asic_ns = "asic{}".format(asic_index)
                            duts_data[dut.hostname]["cur_running_config"][asic_ns] = \
                                json.loads(dut.shell("sonic-cfggen -n {} -d --print-data".format(asic_ns),
                                                     verbose=False)['stdout'])
    
                with SafeThreadPoolExecutor(max_workers=8) as executor:
                    for duthost in duthosts:
                        executor.submit(collect_after_test, duthost)
    
                for duthost in duthosts:
                    if new_core_dumps[duthost.hostname]:
                        core_dump_check_failed = True
    
                        base_dir = os.path.dirname(os.path.realpath(__file__))
                        for new_core_dump in new_core_dumps[duthost.hostname]:
                            duthost.fetch(src="/var/core/{}".format(new_core_dump), dest=os.path.join(base_dir, "logs"))
    
                    # The tables that we don't care
                    exclude_config_table_names = set([])
                    # The keys that we don't care
                    # Current skipped keys:
                    # 1. "MUX_LINKMGR|LINK_PROBER"
                    # 2. "MUX_LINKMGR|TIMED_OSCILLATION"
                    # 3. "LOGGER|linkmgrd"
                    # NOTE: this key is edited by the `run_icmp_responder_session` or `run_icmp_responder`
                    # to account for the lower performance of the ICMP responder/mux simulator compared to
                    # real servers and mux cables.
                    # Linkmgrd is the only service to consume this table so it should not affect other test cases.
                    # Let's keep this setting in db and we don't want any config reload caused by this key, so
                    # let's skip checking it.
                    if "dualtor" in tbinfo["topo"]["name"]:
                        exclude_config_key_names = [
                            'MUX_LINKMGR|LINK_PROBER',
                            'MUX_LINKMGR|TIMED_OSCILLATION',
                            'LOGGER|linkmgrd'
                        ]
                    else:
                        exclude_config_key_names = []
    
                    def _remove_entry(table_name, key_name, config):
                        if table_name in config and key_name in config[table_name]:
                            config[table_name].pop(key_name)
                            if len(config[table_name]) == 0:
                                config.pop(table_name)
    
                    for cfg_context in duts_data[duthost.hostname]['pre_running_config']:
                        pre_only_config[duthost.hostname][cfg_context] = {}
                        cur_only_config[duthost.hostname][cfg_context] = {}
                        inconsistent_config[duthost.hostname][cfg_context] = {}
    
                        pre_running_config = duts_data[duthost.hostname]["pre_running_config"][cfg_context]
                        cur_running_config = duts_data[duthost.hostname]["cur_running_config"][cfg_context]
    
                        # Remove ignored keys from base config
                        for exclude_key in exclude_config_key_names:
                            fields = exclude_key.split('|')
                            if len(fields) != 2:
                                continue
                            _remove_entry(fields[0], fields[1], pre_running_config)
                            _remove_entry(fields[0], fields[1], cur_running_config)
    
                        pre_running_config_keys = set(pre_running_config.keys())
                        cur_running_config_keys = set(cur_running_config.keys())
    
                        # Check if there are extra keys in pre running config
                        pre_config_extra_keys = list(
                            pre_running_config_keys - cur_running_config_keys - exclude_config_table_names)
                        for key in pre_config_extra_keys:
                            pre_only_config[duthost.hostname][cfg_context].update({key: pre_running_config[key]})
    
                        # Check if there are extra keys in cur running config
                        cur_config_extra_keys = list(
                            cur_running_config_keys - pre_running_config_keys - exclude_config_table_names)
                        for key in cur_config_extra_keys:
                            cur_only_config[duthost.hostname][cfg_context].update({key: cur_running_config[key]})
    
                        # Get common keys in pre running config and cur running config
                        common_config_keys = list(pre_running_config_keys & cur_running_config_keys -
                                                  exclude_config_table_names)
    
                        # Check if the running config is modified after module running
                        for key in common_config_keys:
                            # TODO: remove these code when solve the problem of "FLEX_COUNTER_DELAY_STATUS"
                            if key == "FLEX_COUNTER_TABLE":
                                for sub_key, sub_value in list(pre_running_config[key].items()):
                                    try:
                                        pre_value = pre_running_config[key][sub_key]
                                        cur_value = cur_running_config[key][sub_key]
                                        if pre_value["FLEX_COUNTER_STATUS"] != cur_value["FLEX_COUNTER_STATUS"]:
                                            inconsistent_config[duthost.hostname][cfg_context].update(
                                                {
                                                    key: {
                                                        "pre_value": pre_running_config[key],
                                                        "cur_value": cur_running_config[key]
                                                    }
                                                }
                                            )
                                    except KeyError:
                                        inconsistent_config[duthost.hostname][cfg_context].update(
                                            {
                                                key: {
                                                    "pre_value": pre_running_config[key],
                                                    "cur_value": cur_running_config[key]
                                                }
                                            }
                                        )
                            elif not compare_running_config(pre_running_config[key], cur_running_config[key]):
                                inconsistent_config[duthost.hostname][cfg_context].update(
                                    {
                                        key: {
                                            "pre_value": pre_running_config[key],
                                            "cur_value": cur_running_config[key]
                                        }
                                    }
                                )
    
                        if pre_only_config[duthost.hostname][cfg_context] or \
                                cur_only_config[duthost.hostname][cfg_context] or \
                                inconsistent_config[duthost.hostname][cfg_context]:
                            config_db_check_failed = True
    
                if core_dump_check_failed or config_db_check_failed:
                    check_result = {
                        "core_dump_check": {
                            "failed": core_dump_check_failed,
                            "new_core_dumps": new_core_dumps
                        },
                        "config_db_check": {
                            "failed": config_db_check_failed,
                            "pre_only_config": pre_only_config,
                            "cur_only_config": cur_only_config,
                            "inconsistent_config": inconsistent_config
                        }
                    }
                    logger.warning("Core dump or config check failed for {}, results: {}"
                                   .format(module_name, json.dumps(check_result)))
    
>                   restore_config_db_and_config_reload(duts_data, duthosts, request)

tests/conftest.py:3338: 
_ _ _ _ _ _ _ _ _ _ _ _ _ _ _ _ _ _ _ _ _ _ _ _ _ _ _ _ _ _ _ _ _ _ _ _ _ _ _ _ 

duts_data = {'sm100-109': {'cur_core_dumps': ['orchagent.1778495243.40.core.gz', 'tsx_tsx100.1778495239.15.core.gz'], 'cur_running...nter_low_threshold': '70', 'acl_counter_threshold_type': 'percentage', 'acl_entry_high_threshold': '85', ...}}, ...}}}}
duthosts = [<MultiAsicSonicHost sm100-109>]
request = <SubRequest 'core_dump_and_config_check' for <Function test_vlan_tc3_send_invalid_vid>>

    def restore_config_db_and_config_reload(duts_data, duthosts, request):
        # First copy the pre_running_config to the config_db.json files
        for duthost in duthosts:
            logger.info("dut reload called on {}".format(duthost.hostname))
            duthost.copy(content=json.dumps(duts_data[duthost.hostname]["pre_running_config"][None], indent=4),
                         dest='/etc/sonic/config_db.json', verbose=False)
    
            if duthost.is_multi_asic:
                for asic_index in range(0, duthost.facts.get('num_asic')):
                    asic_ns = "asic{}".format(asic_index)
                    asic_cfg_file = "/tmp/{}_config_db{}.json".format(duthost.hostname, asic_index)
                    with open(asic_cfg_file, "w") as outfile:
                        outfile.write(json.dumps(duts_data[duthost.hostname]['pre_running_config'][asic_ns], indent=4))
                    duthost.copy(src=asic_cfg_file, dest='/etc/sonic/config_db{}.json'.format(asic_index), verbose=False)
                    os.remove(asic_cfg_file)
    
        wait_for_bgp = False if request.config.getoption("skip_sanity") else True
    
        # Second execute config reload on all duthosts
>       with SafeThreadPoolExecutor(max_workers=8) as executor:

tests/conftest.py:3013: 
_ _ _ _ _ _ _ _ _ _ _ _ _ _ _ _ _ _ _ _ _ _ _ _ _ _ _ _ _ _ _ _ _ _ _ _ _ _ _ _ 

self = <tests.common.helpers.multi_thread_utils.SafeThreadPoolExecutor object at 0x7077221403b0>
exc_type = None, exc_val = None, exc_tb = None

    def __exit__(self, exc_type, exc_val, exc_tb):
        """
        Wait for each submitted task to complete and surface exceptions.
        """
        for async_res in self._results:
            # .get() will block until the task finishes, and re-raise any exception to the main thread.
>           async_res.get()

tests/common/helpers/multi_thread_utils.py:75: 
_ _ _ _ _ _ _ _ _ _ _ _ _ _ _ _ _ _ _ _ _ _ _ _ _ _ _ _ _ _ _ _ _ _ _ _ _ _ _ _ 

self = <multiprocessing.pool.ApplyResult object at 0x707721f1f650>
timeout = None

    def get(self, timeout=None):
        self.wait(timeout)
        if not self.ready():
            raise TimeoutError
        if self._success:
            return self._value
        else:
>           raise self._value

/usr/lib/python3.12/multiprocessing/pool.py:774: 
_ _ _ _ _ _ _ _ _ _ _ _ _ _ _ _ _ _ _ _ _ _ _ _ _ _ _ _ _ _ _ _ _ _ _ _ _ _ _ _ 

inqueue = <_queue.SimpleQueue object at 0x707721ffb290>
outqueue = <_queue.SimpleQueue object at 0x707721f8e430>, initializer = None
initargs = (), maxtasks = None, wrap_exception = False

    def worker(inqueue, outqueue, initializer=None, initargs=(), maxtasks=None,
               wrap_exception=False):
        if (maxtasks is not None) and not (isinstance(maxtasks, int)
                                           and maxtasks >= 1):
            raise AssertionError("Maxtasks {!r} is not valid".format(maxtasks))
        put = outqueue.put
        get = inqueue.get
        if hasattr(inqueue, '_writer'):
            inqueue._writer.close()
            outqueue._reader.close()
    
        if initializer is not None:
            initializer(*initargs)
    
        completed = 0
        while maxtasks is None or (maxtasks and completed < maxtasks):
            try:
                task = get()
            except (EOFError, OSError):
                util.debug('worker got EOFError or OSError -- exiting')
                break
    
            if task is None:
                util.debug('worker got sentinel -- exiting')
                break
    
            job, i, func, args, kwds = task
            try:
>               result = (True, func(*args, **kwds))
                                ^^^^^^^^^^^^^^^^^^^

/usr/lib/python3.12/multiprocessing/pool.py:125: 
_ _ _ _ _ _ _ _ _ _ _ _ _ _ _ _ _ _ _ _ _ _ _ _ _ _ _ _ _ _ _ _ _ _ _ _ _ _ _ _ 

fn_args = (<MultiAsicSonicHost sm100-109>,)
fn_kwargs = {'check_intf_up_ports': True, 'safe_reload': True, 'wait_before_force_reload': 300, 'wait_for_bgp': False}

    def _wrapper(*fn_args, **fn_kwargs):
        try:
            return fn(*fn_args, **fn_kwargs)
        except BaseException as be:
>           raise RuntimeError("Thread worker aborted: " + repr(be))
E           RuntimeError: Thread worker aborted: All critical services should be fully started!

tests/common/helpers/multi_thread_utils.py:47: RuntimeError
---------------------------- Captured log teardown -----------------------------
WARNING  tests.conftest:conftest.py:3335 Core dump or config check failed for test_vlan.py, results: {"core_dump_check": {"failed": false, "new_core_dumps": {"sm100-109": []}}, "config_db_check": {"failed": true, "pre_only_config": {"sm100-109": {"null": {"PORTCHANNEL": {"PortChannel1": {"admin_status": "up", "fallback": "true", "fast_rate": "false", "hash_method": "0", "lacp_key": "auto", "min_links": "1", "mtu": "9100", "tpid": "0x8100"}}, "FDB": {"Vlan400|00:40:2a:3a:a2:3c": {"port": "Ethernet0", "type": "static"}}, "PORTCHANNEL_MEMBER": {"PortChannel1|Ethernet1": {}, "PortChannel1|Ethernet2": {}}}}}, "cur_only_config": {"sm100-109": {"null": {}}}, "inconsistent_config": {"sm100-109": {"null": {"DEVICE_METADATA": {"pre_value": {"localhost": {"buffer_model": "traditional", "default_bgp_status": "up", "default_pfcwd_status": "disable", "device_id": "50", "docker_routing_config_mode": "split-unified", "frr_mgmt_framework_config": "false", "hostname": "sonic", "hwsku": "Canoga-SM100", "intf_naming_mode": "default", "mac": "00:40:2A:3A:A2:1C", "number_of_macs": "4", "platform": "x86_64-canoga_sm100_sa5-r0", "priority_scheduler": "false", "suppress-fib-pending": "disabled", "synchronous_mode": "enable", "timezone": "UTC", "yang_config_validation": "disable"}}, "cur_value": {"localhost": {"buffer_model": "traditional", "default_bgp_status": "up", "default_pfcwd_status": "disable", "docker_routing_config_mode": "split-unified", "hostname": "sonic", "hwsku": "Canoga-SM100", "intf_naming_mode": "default", "mac": "00:40:2A:3A:A2:1C", "number_of_macs": "4", "platform": "x86_64-canoga_sm100_sa5-r0", "timezone": "UTC"}}}, "PORT": {"pre_value": {"Ethernet0": {"admin_status": "up", "alias": "Eth1/1", "fec": "none", "index": "1", "lanes": "0", "mtu": "9100", "speed": "25000"}, "Ethernet1": {"admin_status": "up", "alias": "Eth1/2", "fec": "none", "index": "2", "lanes": "1", "mtu": "9100", "speed": "25000"}, "Ethernet10": {"admin_status": "up", "alias": "Eth1/11", "fec": "none", "index": "11", "lanes": "10", "mtu": "9100", "speed": "25000"}, "Ethernet11": {"admin_status": "up", "alias": "Eth1/12", "fec": "none", "index": "12", "lanes": "11", "mtu": "9100", "speed": "25000"}, "Ethernet12": {"admin_status": "up", "alias": "Eth1/13", "fec": "none", "index": "13", "lanes": "12", "mtu": "9100", "speed": "25000"}, "Ethernet13": {"admin_status": "up", "alias": "Eth1/14", "fec": "none", "index": "14", "lanes": "13", "mtu": "9100", "speed": "25000"}, "Ethernet14": {"admin_status": "up", "alias": "Eth1/15", "fec": "none", "index": "15", "lanes": "14", "mtu": "9100", "speed": "25000"}, "Ethernet15": {"admin_status": "up", "alias": "Eth1/16", "fec": "none", "index": "16", "lanes": "15", "mtu": "9100", "speed": "25000"}, "Ethernet2": {"admin_status": "up", "alias": "Eth1/3", "fec": "none", "index": "3", "lanes": "2", "mtu": "9100", "speed": "25000"}, "Ethernet3": {"admin_status": "up", "alias": "Eth1/4", "fec": "none", "index": "4", "lanes": "3", "mtu": "9100", "speed": "25000"}, "Ethernet4": {"admin_status": "up", "alias": "Eth1/5", "fec": "none", "index": "5", "lanes": "4", "mtu": "9100", "speed": "25000"}, "Ethernet5": {"admin_status": "up", "alias": "Eth1/6", "fec": "none", "index": "6", "lanes": "5", "mtu": "9100", "speed": "25000"}, "Ethernet6": {"admin_status": "up", "alias": "Eth1/7", "fec": "none", "index": "7", "lanes": "6", "mtu": "9100", "speed": "25000"}, "Ethernet7": {"admin_status": "up", "alias": "Eth1/8", "fec": "none", "index": "8", "lanes": "7", "mtu": "9100", "speed": "25000"}, "Ethernet8": {"admin_status": "up", "alias": "Eth1/9", "fec": "none", "index": "9", "lanes": "8", "mtu": "9100", "speed": "25000"}, "Ethernet9": {"admin_status": "up", "alias": "Eth1/10", "fec": "none", "index": "10", "lanes": "9", "mtu": "9100", "speed": "25000"}}, "cur_value": {"Ethernet0": {"admin_status": "up", "alias": "Eth1/1", "fec": "none", "index": "1", "lanes": "0", "mtu": "9100", "speed": "25000"}, "Ethernet1": {"admin_status": "up", "alias": "Eth1/2", "fec": "none", "index": "2", "lanes": "1", "mtu": "9100", "speed": "25000"}, "Ethernet10": {"admin_status": "up", "alias": "Eth1/11", "fec": "none", "index": "11", "lanes": "10", "mtu": "9100", "speed": "10000"}, "Ethernet11": {"admin_status": "up", "alias": "Eth1/12", "fec": "none", "index": "12", "lanes": "11", "mtu": "9100", "speed": "10000"}, "Ethernet12": {"admin_status": "up", "alias": "Eth1/13", "fec": "none", "index": "13", "lanes": "12", "mtu": "9100", "speed": "25000"}, "Ethernet13": {"admin_status": "up", "alias": "Eth1/14", "fec": "none", "index": "14", "lanes": "13", "mtu": "9100", "speed": "25000"}, "Ethernet14": {"admin_status": "up", "alias": "Eth1/15", "fec": "none", "index": "15", "lanes": "14", "mtu": "9100", "speed": "25000"}, "Ethernet15": {"admin_status": "up", "alias": "Eth1/16", "fec": "none", "index": "16", "lanes": "15", "mtu": "9100", "speed": "25000"}, "Ethernet2": {"admin_status": "up", "alias": "Eth1/3", "fec": "none", "index": "3", "lanes": "2", "mtu": "9100", "speed": "25000"}, "Ethernet3": {"admin_status": "up", "alias": "Eth1/4", "fec": "none", "index": "4", "lanes": "3", "mtu": "9100", "speed": "25000"}, "Ethernet4": {"admin_status": "up", "alias": "Eth1/5", "fec": "none", "index": "5", "lanes": "4", "mtu": "9100", "speed": "25000"}, "Ethernet5": {"admin_status": "up", "alias": "Eth1/6", "fec": "none", "index": "6", "lanes": "5", "mtu": "9100", "speed": "25000"}, "Ethernet6": {"admin_status": "up", "alias": "Eth1/7", "fec": "none", "index": "7", "lanes": "6", "mtu": "9100", "speed": "25000"}, "Ethernet7": {"admin_status": "up", "alias": "Eth1/8", "fec": "none", "index": "8", "lanes": "7", "mtu": "9100", "speed": "25000"}, "Ethernet8": {"admin_status": "up", "alias": "Eth1/9", "fec": "none", "index": "9", "lanes": "8", "mtu": "9100", "speed": "25000"}, "Ethernet9": {"admin_status": "up", "alias": "Eth1/10", "fec": "none", "index": "10", "lanes": "9", "mtu": "9100", "speed": "10000"}}}, "FEATURE": {"pre_value": {"bgp": {"auto_restart": "enabled", "check_up_status": "false", "delayed": "False", "has_global_scope": "False", "has_per_asic_scope": "True", "high_mem_alert": "disabled", "state": "enabled", "support_syslog_rate_limit": "true"}, "cp-app": {"auto_restart": "enabled", "delayed": "False", "has_global_scope": "True", "has_per_asic_scope": "False", "high_mem_alert": "disabled", "state": "enabled", "support_syslog_rate_limit": "true"}, "cp-tds": {"auto_restart": "enabled", "delayed": "False", "has_global_scope": "True", "has_per_asic_scope": "False", "high_mem_alert": "disabled", "state": "enabled", "support_syslog_rate_limit": "true"}, "cp-web-server": {"auto_restart": "enabled", "delayed": "True", "has_global_scope": "True", "has_per_asic_scope": "False", "high_mem_alert": "disabled", "state": "enabled", "support_syslog_rate_limit": "true"}, "database": {"auto_restart": "always_enabled", "delayed": "False", "has_global_scope": "True", "has_per_asic_scope": "True", "high_mem_alert": "disabled", "state": "always_enabled", "support_syslog_rate_limit": "true"}, "dhcp_relay": {"auto_restart": "enabled", "check_up_status": "False", "delayed": "False", "has_global_scope": "True", "has_per_asic_scope": "False", "high_mem_alert": "disabled", "set_owner": "local", "state": "disabled", "support_syslog_rate_limit": "True"}, "dhcp_server": {"auto_restart": "enabled", "check_up_status": "False", "delayed": "False", "has_global_scope": "True", "has_per_asic_scope": "False", "high_mem_alert": "disabled", "set_owner": "local", "state": "disabled", "support_syslog_rate_limit": "False"}, "eventd": {"auto_restart": "enabled", "delayed": "False", "has_global_scope": "True", "has_per_asic_scope": "False", "high_mem_alert": "disabled", "state": "enabled", "support_syslog_rate_limit": "true"}, "lldp": {"auto_restart": "enabled", "delayed": "True", "has_global_scope": "False", "has_per_asic_scope": "True", "high_mem_alert": "disabled", "state": "enabled", "support_syslog_rate_limit": "true"}, "mgmt-framework": {"auto_restart": "enabled", "delayed": "True", "has_global_scope": "True", "has_per_asic_scope": "False", "high_mem_alert": "disabled", "state": "enabled", "support_syslog_rate_limit": "true"}, "netconf": {"auto_restart": "enabled", "delayed": "False", "has_global_scope": "True", "has_per_asic_scope": "False", "high_mem_alert": "disabled", "state": "enabled", "support_syslog_rate_limit": "true"}, "ntp": {"auto_restart": "enabled", "delayed": "False", "has_global_scope": "False", "has_per_asic_scope": "False", "high_mem_alert": "disabled", "state": "disabled", "support_syslog_rate_limit": "true"}, "pmon": {"auto_restart": "enabled", "check_up_status": "false", "delayed": "False", "has_global_scope": "True", "has_per_asic_scope": "False", "high_mem_alert": "disabled", "state": "enabled", "support_syslog_rate_limit": "true"}, "stp": {"auto_restart": "enabled", "delayed": "False", "has_global_scope": "False", "has_per_asic_scope": "True", "high_mem_alert": "disabled", "state": "enabled", "support_syslog_rate_limit": "true"}, "swss": {"auto_restart": "enabled", "check_up_status": "false", "delayed": "False", "has_global_scope": "False", "has_per_asic_scope": "True", "high_mem_alert": "disabled", "state": "enabled", "support_syslog_rate_limit": "true"}, "syncd": {"auto_restart": "enabled", "delayed": "False", "has_global_scope": "False", "has_per_asic_scope": "True", "high_mem_alert": "disabled", "state": "enabled", "support_syslog_rate_limit": "true"}, "teamd": {"auto_restart": "enabled", "delayed": "False", "has_global_scope": "False", "has_per_asic_scope": "True", "high_mem_alert": "disabled", "state": "enabled", "support_syslog_rate_limit": "true"}}, "cur_value": {"bgp": {"auto_restart": "enabled", "check_up_status": "false", "delayed": "False", "has_global_scope": "False", "has_per_asic_scope": "True", "high_mem_alert": "disabled", "state": "enabled", "support_syslog_rate_limit": "true"}, "cp-app": {"auto_restart": "enabled", "delayed": "False", "has_global_scope": "True", "has_per_asic_scope": "False", "high_mem_alert": "disabled", "state": "enabled", "support_syslog_rate_limit": "true"}, "cp-tds": {"auto_restart": "enabled", "delayed": "False", "has_global_scope": "True", "has_per_asic_scope": "False", "high_mem_alert": "disabled", "state": "disabled", "support_syslog_rate_limit": "true"}, "cp-web-server": {"auto_restart": "enabled", "delayed": "True", "has_global_scope": "True", "has_per_asic_scope": "False", "high_mem_alert": "disabled", "state": "enabled", "support_syslog_rate_limit": "true"}, "database": {"auto_restart": "always_enabled", "delayed": "False", "has_global_scope": "True", "has_per_asic_scope": "True", "high_mem_alert": "disabled", "state": "always_enabled", "support_syslog_rate_limit": "true"}, "dhcp_relay": {"auto_restart": "enabled", "check_up_status": "False", "delayed": "False", "has_global_scope": "True", "has_per_asic_scope": "False", "high_mem_alert": "disabled", "set_owner": "local", "state": "disabled", "support_syslog_rate_limit": "True"}, "dhcp_server": {"auto_restart": "enabled", "check_up_status": "False", "delayed": "False", "has_global_scope": "True", "has_per_asic_scope": "False", "high_mem_alert": "disabled", "set_owner": "local", "state": "disabled", "support_syslog_rate_limit": "False"}, "eventd": {"auto_restart": "enabled", "delayed": "False", "has_global_scope": "True", "has_per_asic_scope": "False", "high_mem_alert": "disabled", "state": "enabled", "support_syslog_rate_limit": "true"}, "lldp": {"auto_restart": "enabled", "delayed": "True", "has_global_scope": "False", "has_per_asic_scope": "True", "high_mem_alert": "disabled", "state": "enabled", "support_syslog_rate_limit": "true"}, "mgmt-framework": {"auto_restart": "enabled", "delayed": "True", "has_global_scope": "True", "has_per_asic_scope": "False", "high_mem_alert": "disabled", "state": "enabled", "support_syslog_rate_limit": "true"}, "netconf": {"auto_restart": "enabled", "delayed": "False", "has_global_scope": "True", "has_per_asic_scope": "False", "high_mem_alert": "disabled", "state": "enabled", "support_syslog_rate_limit": "true"}, "ntp": {"auto_restart": "enabled", "delayed": "False", "has_global_scope": "False", "has_per_asic_scope": "False", "high_mem_alert": "disabled", "state": "enabled", "support_syslog_rate_limit": "true"}, "pmon": {"auto_restart": "enabled", "check_up_status": "false", "delayed": "False", "has_global_scope": "True", "has_per_asic_scope": "False", "high_mem_alert": "disabled", "state": "enabled", "support_syslog_rate_limit": "true"}, "stp": {"auto_restart": "enabled", "delayed": "False", "has_global_scope": "False", "has_per_asic_scope": "True", "high_mem_alert": "disabled", "state": "enabled", "support_syslog_rate_limit": "true"}, "swss": {"auto_restart": "enabled", "check_up_status": "false", "delayed": "False", "has_global_scope": "False", "has_per_asic_scope": "True", "high_mem_alert": "disabled", "state": "enabled", "support_syslog_rate_limit": "true"}, "syncd": {"auto_restart": "enabled", "delayed": "False", "has_global_scope": "False", "has_per_asic_scope": "True", "high_mem_alert": "disabled", "state": "enabled", "support_syslog_rate_limit": "true"}, "teamd": {"auto_restart": "enabled", "delayed": "False", "has_global_scope": "False", "has_per_asic_scope": "True", "high_mem_alert": "disabled", "state": "enabled", "support_syslog_rate_limit": "true"}}}, "LOGGER": {"pre_value": {"SAI_API_ACL": {"LOGLEVEL": "SAI_LOG_LEVEL_NOTICE", "LOGOUTPUT": "SYSLOG"}, "SAI_API_ARS": {"LOGLEVEL": "SAI_LOG_LEVEL_NOTICE", "LOGOUTPUT": "SYSLOG"}, "SAI_API_ARS_PROFILE": {"LOGLEVEL": "SAI_LOG_LEVEL_NOTICE", "LOGOUTPUT": "SYSLOG"}, "SAI_API_BFD": {"LOGLEVEL": "SAI_LOG_LEVEL_NOTICE", "LOGOUTPUT": "SYSLOG"}, "SAI_API_BMTOR": {"LOGLEVEL": "SAI_LOG_LEVEL_NOTICE", "LOGOUTPUT": "SYSLOG"}, "SAI_API_BRIDGE": {"LOGLEVEL": "SAI_LOG_LEVEL_NOTICE", "LOGOUTPUT": "SYSLOG"}, "SAI_API_BUFFER": {"LOGLEVEL": "SAI_LOG_LEVEL_NOTICE", "LOGOUTPUT": "SYSLOG"}, "SAI_API_COUNTER": {"LOGLEVEL": "SAI_LOG_LEVEL_NOTICE", "LOGOUTPUT": "SYSLOG"}, "SAI_API_DASH_ACL": {"LOGLEVEL": "SAI_LOG_LEVEL_NOTICE", "LOGOUTPUT": "SYSLOG"}, "SAI_API_DASH_DIRECTION_LOOKUP": {"LOGLEVEL": "SAI_LOG_LEVEL_NOTICE", "LOGOUTPUT": "SYSLOG"}, "SAI_API_DASH_ENI": {"LOGLEVEL": "SAI_LOG_LEVEL_NOTICE", "LOGOUTPUT": "SYSLOG"}, "SAI_API_DASH_INBOUND_ROUTING": {"LOGLEVEL": "SAI_LOG_LEVEL_NOTICE", "LOGOUTPUT": "SYSLOG"}, "SAI_API_DASH_OUTBOUND_CA_TO_PA": {"LOGLEVEL": "SAI_LOG_LEVEL_NOTICE", "LOGOUTPUT": "SYSLOG"}, "SAI_API_DASH_OUTBOUND_ROUTING": {"LOGLEVEL": "SAI_LOG_LEVEL_NOTICE", "LOGOUTPUT": "SYSLOG"}, "SAI_API_DASH_PA_VALIDATION": {"LOGLEVEL": "SAI_LOG_LEVEL_NOTICE", "LOGOUTPUT": "SYSLOG"}, "SAI_API_DASH_VIP": {"LOGLEVEL": "SAI_LOG_LEVEL_NOTICE", "LOGOUTPUT": "SYSLOG"}, "SAI_API_DASH_VNET": {"LOGLEVEL": "SAI_LOG_LEVEL_NOTICE", "LOGOUTPUT": "SYSLOG"}, "SAI_API_DEBUG_COUNTER": {"LOGLEVEL": "SAI_LOG_LEVEL_NOTICE", "LOGOUTPUT": "SYSLOG"}, "SAI_API_DTEL": {"LOGLEVEL": "SAI_LOG_LEVEL_NOTICE", "LOGOUTPUT": "SYSLOG"}, "SAI_API_FDB": {"LOGLEVEL": "SAI_LOG_LEVEL_NOTICE", "LOGOUTPUT": "SYSLOG"}, "SAI_API_GENERIC_PROGRAMMABLE": {"LOGLEVEL": "SAI_LOG_LEVEL_NOTICE", "LOGOUTPUT": "SYSLOG"}, "SAI_API_HASH": {"LOGLEVEL": "SAI_LOG_LEVEL_NOTICE", "LOGOUTPUT": "SYSLOG"}, "SAI_API_HOSTIF": {"LOGLEVEL": "SAI_LOG_LEVEL_NOTICE", "LOGOUTPUT": "SYSLOG"}, "SAI_API_IPMC": {"LOGLEVEL": "SAI_LOG_LEVEL_NOTICE", "LOGOUTPUT": "SYSLOG"}, "SAI_API_IPMC_GROUP": {"LOGLEVEL": "SAI_LOG_LEVEL_NOTICE", "LOGOUTPUT": "SYSLOG"}, "SAI_API_IPSEC": {"LOGLEVEL": "SAI_LOG_LEVEL_NOTICE", "LOGOUTPUT": "SYSLOG"}, "SAI_API_ISOLATION_GROUP": {"LOGLEVEL": "SAI_LOG_LEVEL_NOTICE", "LOGOUTPUT": "SYSLOG"}, "SAI_API_L2MC": {"LOGLEVEL": "SAI_LOG_LEVEL_NOTICE", "LOGOUTPUT": "SYSLOG"}, "SAI_API_L2MC_GROUP": {"LOGLEVEL": "SAI_LOG_LEVEL_NOTICE", "LOGOUTPUT": "SYSLOG"}, "SAI_API_LAG": {"LOGLEVEL": "SAI_LOG_LEVEL_NOTICE", "LOGOUTPUT": "SYSLOG"}, "SAI_API_MACSEC": {"LOGLEVEL": "SAI_LOG_LEVEL_NOTICE", "LOGOUTPUT": "SYSLOG"}, "SAI_API_MCAST_FDB": {"LOGLEVEL": "SAI_LOG_LEVEL_NOTICE", "LOGOUTPUT": "SYSLOG"}, "SAI_API_MIRROR": {"LOGLEVEL": "SAI_LOG_LEVEL_NOTICE", "LOGOUTPUT": "SYSLOG"}, "SAI_API_MPLS": {"LOGLEVEL": "SAI_LOG_LEVEL_NOTICE", "LOGOUTPUT": "SYSLOG"}, "SAI_API_MY_MAC": {"LOGLEVEL": "SAI_LOG_LEVEL_NOTICE", "LOGOUTPUT": "SYSLOG"}, "SAI_API_NAT": {"LOGLEVEL": "SAI_LOG_LEVEL_NOTICE", "LOGOUTPUT": "SYSLOG"}, "SAI_API_NEIGHBOR": {"LOGLEVEL": "SAI_LOG_LEVEL_NOTICE", "LOGOUTPUT": "SYSLOG"}, "SAI_API_NEXT_HOP": {"LOGLEVEL": "SAI_LOG_LEVEL_NOTICE", "LOGOUTPUT": "SYSLOG"}, "SAI_API_NEXT_HOP_GROUP": {"LOGLEVEL": "SAI_LOG_LEVEL_NOTICE", "LOGOUTPUT": "SYSLOG"}, "SAI_API_POLICER": {"LOGLEVEL": "SAI_LOG_LEVEL_NOTICE", "LOGOUTPUT": "SYSLOG"}, "SAI_API_PORT": {"LOGLEVEL": "SAI_LOG_LEVEL_NOTICE", "LOGOUTPUT": "SYSLOG"}, "SAI_API_QOS_MAP": {"LOGLEVEL": "SAI_LOG_LEVEL_NOTICE", "LOGOUTPUT": "SYSLOG"}, "SAI_API_QUEUE": {"LOGLEVEL": "SAI_LOG_LEVEL_NOTICE", "LOGOUTPUT": "SYSLOG"}, "SAI_API_ROUTE": {"LOGLEVEL": "SAI_LOG_LEVEL_NOTICE", "LOGOUTPUT": "SYSLOG"}, "SAI_API_ROUTER_INTERFACE": {"LOGLEVEL": "SAI_LOG_LEVEL_NOTICE", "LOGOUTPUT": "SYSLOG"}, "SAI_API_RPF_GROUP": {"LOGLEVEL": "SAI_LOG_LEVEL_NOTICE", "LOGOUTPUT": "SYSLOG"}, "SAI_API_SAMPLEPACKET": {"LOGLEVEL": "SAI_LOG_LEVEL_NOTICE", "LOGOUTPUT": "SYSLOG"}, "SAI_API_SCHEDULER": {"LOGLEVEL": "SAI_LOG_LEVEL_NOTICE", "LOGOUTPUT": "SYSLOG"}, "SAI_API_SCHEDULER_GROUP": {"LOGLEVEL": "SAI_LOG_LEVEL_NOTICE", "LOGOUTPUT": "SYSLOG"}, "SAI_API_SRV6": {"LOGLEVEL": "SAI_LOG_LEVEL_NOTICE", "LOGOUTPUT": "SYSLOG"}, "SAI_API_STP": {"LOGLEVEL": "SAI_LOG_LEVEL_NOTICE", "LOGOUTPUT": "SYSLOG"}, "SAI_API_SWITCH": {"LOGLEVEL": "SAI_LOG_LEVEL_NOTICE", "LOGOUTPUT": "SYSLOG"}, "SAI_API_SYSTEM_PORT": {"LOGLEVEL": "SAI_LOG_LEVEL_NOTICE", "LOGOUTPUT": "SYSLOG"}, "SAI_API_TAM": {"LOGLEVEL": "SAI_LOG_LEVEL_NOTICE", "LOGOUTPUT": "SYSLOG"}, "SAI_API_TUNNEL": {"LOGLEVEL": "SAI_LOG_LEVEL_NOTICE", "LOGOUTPUT": "SYSLOG"}, "SAI_API_UDF": {"LOGLEVEL": "SAI_LOG_LEVEL_NOTICE", "LOGOUTPUT": "SYSLOG"}, "SAI_API_VIRTUAL_ROUTER": {"LOGLEVEL": "SAI_LOG_LEVEL_NOTICE", "LOGOUTPUT": "SYSLOG"}, "SAI_API_VLAN": {"LOGLEVEL": "SAI_LOG_LEVEL_NOTICE", "LOGOUTPUT": "SYSLOG"}, "SAI_API_VLAN_STACK": {"LOGLEVEL": "SAI_LOG_LEVEL_NOTICE", "LOGOUTPUT": "SYSLOG"}, "SAI_API_WRED": {"LOGLEVEL": "SAI_LOG_LEVEL_NOTICE", "LOGOUTPUT": "SYSLOG"}, "coppmgrd": {"LOGLEVEL": "NOTICE", "LOGOUTPUT": "SYSLOG"}, "eventd": {"LOGLEVEL": "NOTICE", "LOGOUTPUT": "SYSLOG"}, "eventdb": {"LOGLEVEL": "NOTICE", "LOGOUTPUT": "SYSLOG"}, "fdbsyncd": {"LOGLEVEL": "NOTICE", "LOGOUTPUT": "SYSLOG"}, "intfmgrd": {"LOGLEVEL": "NOTICE", "LOGOUTPUT": "SYSLOG"}, "nbrmgrd": {"LOGLEVEL": "NOTICE", "LOGOUTPUT": "SYSLOG"}, "neighsyncd": {"LOGLEVEL": "NOTICE", "LOGOUTPUT": "SYSLOG"}, "netconfmgrd": {"LOGLEVEL": "NOTICE", "LOGOUTPUT": "SYSLOG"}, "orchagent": {"LOGLEVEL": "NOTICE", "LOGOUTPUT": "SYSLOG"}, "portmgrd": {"LOGLEVEL": "NOTICE", "LOGOUTPUT": "SYSLOG"}, "portsyncd": {"LOGLEVEL": "NOTICE", "LOGOUTPUT": "SYSLOG"}, "soamsyncd": {"LOGLEVEL": "NOTICE", "LOGOUTPUT": "SYSLOG"}, "stpmgrd": {"LOGLEVEL": "NOTICE", "LOGOUTPUT": "SYSLOG"}, "syncd": {"LOGLEVEL": "NOTICE", "LOGOUTPUT": "SYSLOG"}, "tdsmgrd": {"LOGLEVEL": "NOTICE", "LOGOUTPUT": "SYSLOG"}, "teammgrd": {"LOGLEVEL": "NOTICE", "LOGOUTPUT": "SYSLOG"}, "teamsyncd": {"LOGLEVEL": "NOTICE", "LOGOUTPUT": "SYSLOG"}, "tlm_teamd": {"LOGLEVEL": "NOTICE", "LOGOUTPUT": "SYSLOG"}, "vlanmgrd": {"LOGLEVEL": "NOTICE", "LOGOUTPUT": "SYSLOG"}, "vrfmgrd": {"LOGLEVEL": "NOTICE", "LOGOUTPUT": "SYSLOG"}}, "cur_value": {"SAI_API_ACL": {"LOGLEVEL": "SAI_LOG_LEVEL_NOTICE", "LOGOUTPUT": "SYSLOG"}, "SAI_API_ARS": {"LOGLEVEL": "SAI_LOG_LEVEL_NOTICE", "LOGOUTPUT": "SYSLOG"}, "SAI_API_ARS_PROFILE": {"LOGLEVEL": "SAI_LOG_LEVEL_NOTICE", "LOGOUTPUT": "SYSLOG"}, "SAI_API_BFD": {"LOGLEVEL": "SAI_LOG_LEVEL_NOTICE", "LOGOUTPUT": "SYSLOG"}, "SAI_API_BMTOR": {"LOGLEVEL": "SAI_LOG_LEVEL_NOTICE", "LOGOUTPUT": "SYSLOG"}, "SAI_API_BRIDGE": {"LOGLEVEL": "SAI_LOG_LEVEL_NOTICE", "LOGOUTPUT": "SYSLOG"}, "SAI_API_BUFFER": {"LOGLEVEL": "SAI_LOG_LEVEL_NOTICE", "LOGOUTPUT": "SYSLOG"}, "SAI_API_COUNTER": {"LOGLEVEL": "SAI_LOG_LEVEL_NOTICE", "LOGOUTPUT": "SYSLOG"}, "SAI_API_DASH_ACL": {"LOGLEVEL": "SAI_LOG_LEVEL_NOTICE", "LOGOUTPUT": "SYSLOG"}, "SAI_API_DASH_DIRECTION_LOOKUP": {"LOGLEVEL": "SAI_LOG_LEVEL_NOTICE", "LOGOUTPUT": "SYSLOG"}, "SAI_API_DASH_ENI": {"LOGLEVEL": "SAI_LOG_LEVEL_NOTICE", "LOGOUTPUT": "SYSLOG"}, "SAI_API_DASH_INBOUND_ROUTING": {"LOGLEVEL": "SAI_LOG_LEVEL_NOTICE", "LOGOUTPUT": "SYSLOG"}, "SAI_API_DASH_OUTBOUND_CA_TO_PA": {"LOGLEVEL": "SAI_LOG_LEVEL_NOTICE", "LOGOUTPUT": "SYSLOG"}, "SAI_API_DASH_OUTBOUND_ROUTING": {"LOGLEVEL": "SAI_LOG_LEVEL_NOTICE", "LOGOUTPUT": "SYSLOG"}, "SAI_API_DASH_PA_VALIDATION": {"LOGLEVEL": "SAI_LOG_LEVEL_NOTICE", "LOGOUTPUT": "SYSLOG"}, "SAI_API_DASH_VIP": {"LOGLEVEL": "SAI_LOG_LEVEL_NOTICE", "LOGOUTPUT": "SYSLOG"}, "SAI_API_DASH_VNET": {"LOGLEVEL": "SAI_LOG_LEVEL_NOTICE", "LOGOUTPUT": "SYSLOG"}, "SAI_API_DEBUG_COUNTER": {"LOGLEVEL": "SAI_LOG_LEVEL_NOTICE", "LOGOUTPUT": "SYSLOG"}, "SAI_API_DTEL": {"LOGLEVEL": "SAI_LOG_LEVEL_NOTICE", "LOGOUTPUT": "SYSLOG"}, "SAI_API_FDB": {"LOGLEVEL": "SAI_LOG_LEVEL_NOTICE", "LOGOUTPUT": "SYSLOG"}, "SAI_API_GENERIC_PROGRAMMABLE": {"LOGLEVEL": "SAI_LOG_LEVEL_NOTICE", "LOGOUTPUT": "SYSLOG"}, "SAI_API_HASH": {"LOGLEVEL": "SAI_LOG_LEVEL_NOTICE", "LOGOUTPUT": "SYSLOG"}, "SAI_API_HOSTIF": {"LOGLEVEL": "SAI_LOG_LEVEL_NOTICE", "LOGOUTPUT": "SYSLOG"}, "SAI_API_IPMC": {"LOGLEVEL": "SAI_LOG_LEVEL_NOTICE", "LOGOUTPUT": "SYSLOG"}, "SAI_API_IPMC_GROUP": {"LOGLEVEL": "SAI_LOG_LEVEL_NOTICE", "LOGOUTPUT": "SYSLOG"}, "SAI_API_IPSEC": {"LOGLEVEL": "SAI_LOG_LEVEL_NOTICE", "LOGOUTPUT": "SYSLOG"}, "SAI_API_ISOLATION_GROUP": {"LOGLEVEL": "SAI_LOG_LEVEL_NOTICE", "LOGOUTPUT": "SYSLOG"}, "SAI_API_L2MC": {"LOGLEVEL": "SAI_LOG_LEVEL_NOTICE", "LOGOUTPUT": "SYSLOG"}, "SAI_API_L2MC_GROUP": {"LOGLEVEL": "SAI_LOG_LEVEL_NOTICE", "LOGOUTPUT": "SYSLOG"}, "SAI_API_LAG": {"LOGLEVEL": "SAI_LOG_LEVEL_NOTICE", "LOGOUTPUT": "SYSLOG"}, "SAI_API_MACSEC": {"LOGLEVEL": "SAI_LOG_LEVEL_NOTICE", "LOGOUTPUT": "SYSLOG"}, "SAI_API_MCAST_FDB": {"LOGLEVEL": "SAI_LOG_LEVEL_NOTICE", "LOGOUTPUT": "SYSLOG"}, "SAI_API_MIRROR": {"LOGLEVEL": "SAI_LOG_LEVEL_NOTICE", "LOGOUTPUT": "SYSLOG"}, "SAI_API_MPLS": {"LOGLEVEL": "SAI_LOG_LEVEL_NOTICE", "LOGOUTPUT": "SYSLOG"}, "SAI_API_MY_MAC": {"LOGLEVEL": "SAI_LOG_LEVEL_NOTICE", "LOGOUTPUT": "SYSLOG"}, "SAI_API_NAT": {"LOGLEVEL": "SAI_LOG_LEVEL_NOTICE", "LOGOUTPUT": "SYSLOG"}, "SAI_API_NEIGHBOR": {"LOGLEVEL": "SAI_LOG_LEVEL_NOTICE", "LOGOUTPUT": "SYSLOG"}, "SAI_API_NEXT_HOP": {"LOGLEVEL": "SAI_LOG_LEVEL_NOTICE", "LOGOUTPUT": "SYSLOG"}, "SAI_API_NEXT_HOP_GROUP": {"LOGLEVEL": "SAI_LOG_LEVEL_NOTICE", "LOGOUTPUT": "SYSLOG"}, "SAI_API_POLICER": {"LOGLEVEL": "SAI_LOG_LEVEL_NOTICE", "LOGOUTPUT": "SYSLOG"}, "SAI_API_PORT": {"LOGLEVEL": "SAI_LOG_LEVEL_NOTICE", "LOGOUTPUT": "SYSLOG"}, "SAI_API_QOS_MAP": {"LOGLEVEL": "SAI_LOG_LEVEL_NOTICE", "LOGOUTPUT": "SYSLOG"}, "SAI_API_QUEUE": {"LOGLEVEL": "SAI_LOG_LEVEL_NOTICE", "LOGOUTPUT": "SYSLOG"}, "SAI_API_ROUTE": {"LOGLEVEL": "SAI_LOG_LEVEL_NOTICE", "LOGOUTPUT": "SYSLOG"}, "SAI_API_ROUTER_INTERFACE": {"LOGLEVEL": "SAI_LOG_LEVEL_NOTICE", "LOGOUTPUT": "SYSLOG"}, "SAI_API_RPF_GROUP": {"LOGLEVEL": "SAI_LOG_LEVEL_NOTICE", "LOGOUTPUT": "SYSLOG"}, "SAI_API_SAMPLEPACKET": {"LOGLEVEL": "SAI_LOG_LEVEL_NOTICE", "LOGOUTPUT": "SYSLOG"}, "SAI_API_SCHEDULER": {"LOGLEVEL": "SAI_LOG_LEVEL_NOTICE", "LOGOUTPUT": "SYSLOG"}, "SAI_API_SCHEDULER_GROUP": {"LOGLEVEL": "SAI_LOG_LEVEL_NOTICE", "LOGOUTPUT": "SYSLOG"}, "SAI_API_SRV6": {"LOGLEVEL": "SAI_LOG_LEVEL_NOTICE", "LOGOUTPUT": "SYSLOG"}, "SAI_API_STP": {"LOGLEVEL": "SAI_LOG_LEVEL_NOTICE", "LOGOUTPUT": "SYSLOG"}, "SAI_API_SWITCH": {"LOGLEVEL": "SAI_LOG_LEVEL_NOTICE", "LOGOUTPUT": "SYSLOG"}, "SAI_API_SYSTEM_PORT": {"LOGLEVEL": "SAI_LOG_LEVEL_NOTICE", "LOGOUTPUT": "SYSLOG"}, "SAI_API_TAM": {"LOGLEVEL": "SAI_LOG_LEVEL_NOTICE", "LOGOUTPUT": "SYSLOG"}, "SAI_API_TUNNEL": {"LOGLEVEL": "SAI_LOG_LEVEL_NOTICE", "LOGOUTPUT": "SYSLOG"}, "SAI_API_UDF": {"LOGLEVEL": "SAI_LOG_LEVEL_NOTICE", "LOGOUTPUT": "SYSLOG"}, "SAI_API_VIRTUAL_ROUTER": {"LOGLEVEL": "SAI_LOG_LEVEL_NOTICE", "LOGOUTPUT": "SYSLOG"}, "SAI_API_VLAN": {"LOGLEVEL": "SAI_LOG_LEVEL_NOTICE", "LOGOUTPUT": "SYSLOG"}, "SAI_API_VLAN_STACK": {"LOGLEVEL": "SAI_LOG_LEVEL_NOTICE", "LOGOUTPUT": "SYSLOG"}, "SAI_API_WRED": {"LOGLEVEL": "SAI_LOG_LEVEL_NOTICE", "LOGOUTPUT": "SYSLOG"}, "coppmgrd": {"LOGLEVEL": "NOTICE", "LOGOUTPUT": "SYSLOG"}, "eventd": {"LOGLEVEL": "NOTICE", "LOGOUTPUT": "SYSLOG"}, "eventdb": {"LOGLEVEL": "NOTICE", "LOGOUTPUT": "SYSLOG"}, "fdbsyncd": {"LOGLEVEL": "NOTICE", "LOGOUTPUT": "SYSLOG"}, "intfmgrd": {"LOGLEVEL": "NOTICE", "LOGOUTPUT": "SYSLOG"}, "nbrmgrd": {"LOGLEVEL": "NOTICE", "LOGOUTPUT": "SYSLOG"}, "neighsyncd": {"LOGLEVEL": "NOTICE", "LOGOUTPUT": "SYSLOG"}, "netconfmgrd": {"LOGLEVEL": "NOTICE", "LOGOUTPUT": "SYSLOG"}, "orchagent": {"LOGLEVEL": "NOTICE", "LOGOUTPUT": "SYSLOG"}, "portmgrd": {"LOGLEVEL": "NOTICE", "LOGOUTPUT": "SYSLOG"}, "portsyncd": {"LOGLEVEL": "NOTICE", "LOGOUTPUT": "SYSLOG"}, "soamsyncd": {"LOGLEVEL": "NOTICE", "LOGOUTPUT": "SYSLOG"}, "stpmgrd": {"LOGLEVEL": "NOTICE", "LOGOUTPUT": "SYSLOG"}, "syncd": {"LOGLEVEL": "NOTICE", "LOGOUTPUT": "SYSLOG"}, "teammgrd": {"LOGLEVEL": "NOTICE", "LOGOUTPUT": "SYSLOG"}, "teamsyncd": {"LOGLEVEL": "NOTICE", "LOGOUTPUT": "SYSLOG"}, "tlm_teamd": {"LOGLEVEL": "NOTICE", "LOGOUTPUT": "SYSLOG"}, "vlanmgrd": {"LOGLEVEL": "NOTICE", "LOGOUTPUT": "SYSLOG"}, "vrfmgrd": {"LOGLEVEL": "NOTICE", "LOGOUTPUT": "SYSLOG"}}}, "VLAN": {"pre_value": {"Vlan1": {"admin_status": "down", "aging_time": "300", "maximum_mac_limit": "64", "vlanid": "1"}, "Vlan200": {"admin_status": "up", "aging_time": "300", "frer": "false", "learn_disable": "false", "maximum_mac_limit": "64", "rspan": "false", "vlanid": "200"}, "Vlan201": {"admin_status": "up", "aging_time": "300", "frer": "false", "learn_disable": "false", "maximum_mac_limit": "64", "rspan": "false", "vlanid": "201"}, "Vlan400": {"admin_status": "up", "aging_time": "300", "frer": "false", "learn_disable": "false", "maximum_mac_limit": "64", "rspan": "false", "vlanid": "400"}}, "cur_value": {"S-Vlan2": {"admin_status": "up", "aging_time": "300", "frer": "false", "learn_disable": "false", "maximum_mac_limit": "64", "mtu": "9100", "terminate": "true", "tpid": "0x88A8", "vlanid": "2"}, "Vlan1": {"admin_status": "up", "aging_time": "300", "maximum_mac_limit": "64", "vlanid": "1"}, "Vlan200": {"admin_status": "up", "aging_time": "300", "frer": "false", "learn_disable": "false", "maximum_mac_limit": "64", "rspan": "false", "vlanid": "200"}, "Vlan201": {"admin_status": "up", "aging_time": "300", "frer": "false", "learn_disable": "false", "maximum_mac_limit": "64", "rspan": "false", "vlanid": "201"}, "Vlan400": {"admin_status": "up", "aging_time": "300", "frer": "false", "learn_disable": "false", "maximum_mac_limit": "64", "rspan": "false", "vlanid": "400"}}}, "VLAN_MEMBER": {"pre_value": {"Vlan1|Ethernet0": {"tagging_mode": "untagged"}, "Vlan1|Ethernet10": {"tagging_mode": "untagged"}, "Vlan1|Ethernet11": {"tagging_mode": "untagged"}, "Vlan1|Ethernet12": {"tagging_mode": "untagged"}, "Vlan1|Ethernet13": {"tagging_mode": "untagged"}, "Vlan1|Ethernet14": {"tagging_mode": "untagged"}, "Vlan1|Ethernet15": {"tagging_mode": "untagged"}, "Vlan1|Ethernet3": {"tagging_mode": "untagged"}, "Vlan1|Ethernet4": {"tagging_mode": "untagged"}, "Vlan1|Ethernet5": {"tagging_mode": "untagged"}, "Vlan1|Ethernet6": {"tagging_mode": "untagged"}, "Vlan1|Ethernet7": {"tagging_mode": "untagged"}, "Vlan1|Ethernet8": {"tagging_mode": "untagged"}, "Vlan1|Ethernet9": {"tagging_mode": "untagged"}, "Vlan1|PortChannel1": {"tagging_mode": "untagged"}, "Vlan200|Ethernet13": {"tagging_mode": "tagged"}, "Vlan201|Ethernet15": {"tagging_mode": "tagged"}, "Vlan400|Ethernet0": {"tagging_mode": "tagged"}}, "cur_value": {"S-Vlan2|Ethernet15": {"tagging_mode": "double_tagged"}, "S-Vlan2|Vlan1": {"tagging_mode": "tagged"}, "Vlan1|Ethernet0": {"tagging_mode": "untagged"}, "Vlan1|Ethernet1": {"tagging_mode": "tagged"}, "Vlan1|Ethernet10": {"tagging_mode": "untagged"}, "Vlan1|Ethernet11": {"tagging_mode": "untagged"}, "Vlan1|Ethernet12": {"tagging_mode": "untagged"}, "Vlan1|Ethernet13": {"tagging_mode": "untagged"}, "Vlan1|Ethernet14": {"tagging_mode": "untagged"}, "Vlan1|Ethernet15": {"tagging_mode": "untagged"}, "Vlan1|Ethernet2": {"tagging_mode": "untagged"}, "Vlan1|Ethernet3": {"tagging_mode": "untagged"}, "Vlan1|Ethernet4": {"tagging_mode": "untagged"}, "Vlan1|Ethernet5": {"tagging_mode": "untagged"}, "Vlan1|Ethernet6": {"tagging_mode": "untagged"}, "Vlan1|Ethernet7": {"tagging_mode": "untagged"}, "Vlan1|Ethernet8": {"tagging_mode": "untagged"}, "Vlan1|Ethernet9": {"tagging_mode": "untagged"}, "Vlan200|Ethernet13": {"tagging_mode": "tagged"}, "Vlan201|Ethernet15": {"tagging_mode": "tagged"}, "Vlan400|Ethernet0": {"tagging_mode": "tagged"}}}}}}}}
=============================== warnings summary ===============================
../../../opt/venv/lib/python3.12/site-packages/_pytest/config/__init__.py:858
  /opt/venv/lib/python3.12/site-packages/_pytest/config/__init__.py:858: PytestAssertRewriteWarning: Module already imported so cannot be rewritten; tests.common.plugins.ptfadapter
    self.import_plugin(import_spec)

../../../opt/venv/lib/python3.12/site-packages/_pytest/config/__init__.py:858
  /opt/venv/lib/python3.12/site-packages/_pytest/config/__init__.py:858: PytestAssertRewriteWarning: Module already imported so cannot be rewritten; tests.common.plugins.ansible_fixtures
    self.import_plugin(import_spec)

../../../opt/venv/lib/python3.12/site-packages/_pytest/config/__init__.py:858
  /opt/venv/lib/python3.12/site-packages/_pytest/config/__init__.py:858: PytestAssertRewriteWarning: Module already imported so cannot be rewritten; tests.common.plugins.loganalyzer
    self.import_plugin(import_spec)

../../../opt/venv/lib/python3.12/site-packages/_pytest/config/__init__.py:858
  /opt/venv/lib/python3.12/site-packages/_pytest/config/__init__.py:858: PytestAssertRewriteWarning: Module already imported so cannot be rewritten; tests.common.plugins.sanity_check
    self.import_plugin(import_spec)

../../../opt/venv/lib/python3.12/site-packages/_pytest/config/__init__.py:858
  /opt/venv/lib/python3.12/site-packages/_pytest/config/__init__.py:858: PytestAssertRewriteWarning: Module already imported so cannot be rewritten; tests.common.plugins.test_completeness
    self.import_plugin(import_spec)

../../../opt/venv/lib/python3.12/site-packages/_pytest/config/__init__.py:858
  /opt/venv/lib/python3.12/site-packages/_pytest/config/__init__.py:858: PytestAssertRewriteWarning: Module already imported so cannot be rewritten; tests.common.dualtor
    self.import_plugin(import_spec)

../../../opt/venv/lib/python3.12/site-packages/_pytest/config/__init__.py:858
  /opt/venv/lib/python3.12/site-packages/_pytest/config/__init__.py:858: PytestAssertRewriteWarning: Module already imported so cannot be rewritten; tests.common.fixtures.duthost_utils
    self.import_plugin(import_spec)

tests/ptf_runner.py:3
  /var/src/SonicMmt/tests/ptf_runner.py:3: DeprecationWarning: 'pipes' is deprecated and slated for removal in Python 3.13
    import pipes

tests/vlan/test_vlan.py:181
  /var/src/SonicMmt/tests/vlan/test_vlan.py:181: PytestUnknownMarkWarning: Unknown pytest.mark.bsl - is this a typo?  You can register custom marks to avoid this warning - for details, see https://docs.pytest.org/en/stable/how-to/mark.html
    @pytest.mark.bsl

tests/vlan/test_vlan.py:182
  /var/src/SonicMmt/tests/vlan/test_vlan.py:182: PytestUnknownMarkWarning: Unknown pytest.mark.po2vlan - is this a typo?  You can register custom marks to avoid this warning - for details, see https://docs.pytest.org/en/stable/how-to/mark.html
    @pytest.mark.po2vlan

tests/vlan/test_vlan.py:240
  /var/src/SonicMmt/tests/vlan/test_vlan.py:240: PytestUnknownMarkWarning: Unknown pytest.mark.bsl - is this a typo?  You can register custom marks to avoid this warning - for details, see https://docs.pytest.org/en/stable/how-to/mark.html
    @pytest.mark.bsl

tests/vlan/test_vlan.py:241
  /var/src/SonicMmt/tests/vlan/test_vlan.py:241: PytestUnknownMarkWarning: Unknown pytest.mark.po2vlan - is this a typo?  You can register custom marks to avoid this warning - for details, see https://docs.pytest.org/en/stable/how-to/mark.html
    @pytest.mark.po2vlan

tests/vlan/test_vlan.py:281
  /var/src/SonicMmt/tests/vlan/test_vlan.py:281: PytestUnknownMarkWarning: Unknown pytest.mark.bsl - is this a typo?  You can register custom marks to avoid this warning - for details, see https://docs.pytest.org/en/stable/how-to/mark.html
    @pytest.mark.bsl

tests/vlan/test_vlan.py:282
  /var/src/SonicMmt/tests/vlan/test_vlan.py:282: PytestUnknownMarkWarning: Unknown pytest.mark.po2vlan - is this a typo?  You can register custom marks to avoid this warning - for details, see https://docs.pytest.org/en/stable/how-to/mark.html
    @pytest.mark.po2vlan

tests/vlan/test_vlan.py:332
  /var/src/SonicMmt/tests/vlan/test_vlan.py:332: PytestUnknownMarkWarning: Unknown pytest.mark.bsl - is this a typo?  You can register custom marks to avoid this warning - for details, see https://docs.pytest.org/en/stable/how-to/mark.html
    @pytest.mark.bsl

tests/vlan/test_vlan.py:333
  /var/src/SonicMmt/tests/vlan/test_vlan.py:333: PytestUnknownMarkWarning: Unknown pytest.mark.po2vlan - is this a typo?  You can register custom marks to avoid this warning - for details, see https://docs.pytest.org/en/stable/how-to/mark.html
    @pytest.mark.po2vlan

tests/vlan/test_vlan.py:386
  /var/src/SonicMmt/tests/vlan/test_vlan.py:386: PytestUnknownMarkWarning: Unknown pytest.mark.bsl - is this a typo?  You can register custom marks to avoid this warning - for details, see https://docs.pytest.org/en/stable/how-to/mark.html
    @pytest.mark.bsl

tests/vlan/test_vlan.py:387
  /var/src/SonicMmt/tests/vlan/test_vlan.py:387: PytestUnknownMarkWarning: Unknown pytest.mark.po2vlan - is this a typo?  You can register custom marks to avoid this warning - for details, see https://docs.pytest.org/en/stable/how-to/mark.html
    @pytest.mark.po2vlan

tests/vlan/test_vlan.py:441
  /var/src/SonicMmt/tests/vlan/test_vlan.py:441: PytestUnknownMarkWarning: Unknown pytest.mark.bsl - is this a typo?  You can register custom marks to avoid this warning - for details, see https://docs.pytest.org/en/stable/how-to/mark.html
    @pytest.mark.bsl

tests/vlan/test_vlan.py:442
  /var/src/SonicMmt/tests/vlan/test_vlan.py:442: PytestUnknownMarkWarning: Unknown pytest.mark.po2vlan - is this a typo?  You can register custom marks to avoid this warning - for details, see https://docs.pytest.org/en/stable/how-to/mark.html
    @pytest.mark.po2vlan

tests/vlan/test_vlan.py:514
  /var/src/SonicMmt/tests/vlan/test_vlan.py:514: PytestUnknownMarkWarning: Unknown pytest.mark.po2vlan - is this a typo?  You can register custom marks to avoid this warning - for details, see https://docs.pytest.org/en/stable/how-to/mark.html
    @pytest.mark.po2vlan

tests/vlan/test_vlan.py::test_vlan_tc3_send_invalid_vid
  /opt/venv/lib/python3.12/site-packages/pytest_ansible/host_manager/v213.py:13: DeprecationWarning: Host management is deprecated and will be removed in a future release
    class HostManagerV213(BaseHostManager):

tests/vlan/test_vlan.py::test_vlan_tc3_send_invalid_vid
tests/vlan/test_vlan.py::test_vlan_tc3_send_invalid_vid
tests/vlan/test_vlan.py::test_vlan_tc3_send_invalid_vid
tests/vlan/test_vlan.py::test_vlan_tc3_send_invalid_vid
tests/vlan/test_vlan.py::test_vlan_tc3_send_invalid_vid
tests/vlan/test_vlan.py::test_vlan_tc3_send_invalid_vid
  /opt/venv/lib/python3.12/site-packages/ansible/plugins/loader.py:1485: UserWarning: AnsibleCollectionFinder has already been configured
    warnings.warn('AnsibleCollectionFinder has already been configured')

tests/vlan/test_vlan.py: 46 warnings
  /usr/lib/python3.12/multiprocessing/popen_fork.py:66: DeprecationWarning: This process (pid=2482) is multi-threaded, use of fork() may lead to deadlocks in the child.
    self.pid = os.fork()

-- Docs: https://docs.pytest.org/en/stable/how-to/capture-warnings.html
=========================== short test summary info ============================
ERROR tests/vlan/test_vlan.py::test_vlan_tc3_send_invalid_vid - tests.common.errors.RunAnsibleModuleFail: run module minigraph_facts failed, Ansible Results =>
failed = True
msg = Error reading file '/etc/sonic/minigraph.xml': failed to load external entity "/etc/sonic/minigraph.xml"
Traceback (most recent call last):
  File "/tmp/ansible_minigraph_facts_payload_6g7g0o6t/ansible_minigraph_facts_payload.zip/ansible/modules/minigraph_facts.py", line 957, in main
  File "/tmp/ansible_minigraph_facts_payload_6g7g0o6t/ansible_minigraph_facts_payload.zip/ansible/modules/minigraph_facts.py", line 682, in parse_xml
  File "/tmp/ansible_minigraph_facts_payload_6g7g0o6t/ansible_minigraph_facts_payload.zip/ansible/modules/minigraph_facts.py", line 631, in reconcile_mini_graph_locations
  File "src/lxml/etree.pyx", line 3538, in lxml.etree.parse
  File "src/lxml/parser.pxi", line 1876, in lxml.etree._parseDocument
  File "src/lxml/parser.pxi", line 1902, in lxml.etree._parseDocumentFromURL
  File "src/lxml/parser.pxi", line 1805, in lxml.etree._parseDocFromFile
  File "src/lxml/parser.pxi", line 1177, in lxml.etree._BaseParser._parseDocFromFile
  File "src/lxml/parser.pxi", line 615, in lxml.etree._ParserContext._handleParseResultDoc
  File "src/lxml/parser.pxi", line 725, in lxml.etree._handleParseResult
  File "src/lxml/parser.pxi", line 652, in lxml.etree._raiseParseError
OSError: Error reading file '/etc/sonic/minigraph.xml': failed to load external entity "/etc/sonic/minigraph.xml"

invocation = {'module_args': {'host': 'sm100-109', 'namespace': None, 'filename': None}}
_ansible_no_log = False
changed = False
stdout =
stderr =
ERROR tests/vlan/test_vlan.py::test_vlan_tc3_send_invalid_vid - RuntimeError: Thread worker aborted: All critical services should be fully started!
!!!!!!!!!!!!!!!!!!!!!!!!!! stopping after 2 failures !!!!!!!!!!!!!!!!!!!!!!!!!!!
================== 74 warnings, 2 errors in 573.99s (0:09:33) ==================
